Workbook
Name Ag: 'Database 1'!$G$3:$G$139
Name AgDA: 'Database 1'!$DF$3:$DF$185
Name Agmt: 'Database 1'!$G$423:$G$436
Name AgST: 'Database 1'!$DC$3:$DC$30
Name AgWT: 'Database 1'!$CW$3:$CW$285
Name Angle_Ag: 'Database 1'!$G$3:$G$139
Name angles: 'Database 1'!$D$3:$D$139
Name DA: 'Database 1'!$D$465:$D$647
Name Daag: 'Database 1'!$G$465:$G$647
Name DAnew: 'Database 1'!$DE$3:$DE$185
Name Ix: 'Database 1'!$DX$4:$DX$70
Name Lag: 'Database 1'!$CT$3:$CT$139
Name lightest: '[1]Database 1'!$DS$3:$DS$69
Name Lnew: 'Database 1'!$CS$3:$CS$139
Name MT: 'Database 1'!$D$423:$D$436
Name MTag: 'Database 1'!$CZ$3:$CZ$16
Name MTnew: 'Database 1'!$CY$3:$CY$16
Name rxWT: 'Database 1'!$AR$140:$AR$422
Name ryWT: 'Database 1'!$AV$140:$AV$422
Name ST: 'Database 1'!$D$437:$D$464
Name Stag: 'Database 1'!$G$437:$G$464
Name STnew: 'Database 1'!$DB$3:$DB$30
Name Wlightest: 'Database 1'!$DT$4:$DT$70
Name WT: 'Database 1'!$D$140:$D$422
Name Wtag: 'Database 1'!$I$140:$I$422
Name WTnew: 'Database 1'!$CV$3:$CV$285
Name WZx: 'Database 1'!$DW$4:$DW$70

Sheet Database 1
B2: Type | C2: EDI STD Nomenclature | D2: AISC Manual Label | E2: Boolean Vaiable | F2: Wt. (lb/ft) | G2: Ag | I2: Shorter leg | Q2: Longer leg | X2: thickness | AB2: k | AD2: x̅ | AE2: y̅ | AG2: xp | AH2: yp | AR2: rx | AV2: ry | CL2: Steel Type | CM2: ASTM Designation | CO2: Fy | CP2: Fu | CS2: Angles | CT2: Ag | CV2: WT | CW2: Ag | CY2: MT | CZ2: Ag | DB2: ST | DC2: Ag | DE2: Double Angle | DF2: Ag | DH2: Wide Flange Basic Propeprties | DQ2: Tables for Bending, Shear, Deflection Design And Analysis
B3: L | C3: L12X12X1-3/8 | D3: L12X12X1-3/8 | E3: F | F3: 105 | G3: 31.1 | H3: =D3 -> L12X12X1-3/8 | I3: 12 | J3: – | K3: – | L3: – | M3: – | N3: – | O3: – | P3: – | Q3: 12 | R3: – | S3: – | T3: – | U3: – | V3: – | W3: – | X3: 1.38 | Y3: – | Z3: – | AA3: 2.09 | AB3: 2.0625 | AC3: – | AD3: 3.5 | AE3: 3.5 | AF3: – | AG3: 1.3 | AH3: 1.3 | AI3: – | AJ3: 8.7 | AK3: – | AL3: – | AM3: – | AN3: – | AO3: 413 | AP3: 88.1 | AQ3: 48.6 | AR3: 3.64 | AS3: 413 | AT3: 88.1 | AU3: 48.6 | AV3: 3.64 | AW3: 165 | AX3: 2.3 | AY3: 33.3 | AZ3: 19.9 | BA3: 211 | BB3: – | BC3: – | BD3: – | BE3: – | BF3: – | BG3: – | BH3: – | BI3: 6.51 | BJ3: 0.627 | BK3: 1 | BL3: 661 | BM3: 8 | BN3: 0 | BO3: 8 | BP3: 4.02 | BQ3: 4.95 | BR3: 4.02 | BS3: 82.6 | BT3: – | BU3: 82.6 | BV3: 41 | BW3: 33.3 | BX3: 41 | BY3: – | BZ3: – | CA3: 36 | CB3: 36 | CC3: 48 | CD3: – | CE3: – | CF3: – | CG3: – | CH3: – | CL3: Carbon | CM3: A36 | CN3: - | CO3: 36 | CP3: 58 | CS3: =VLOOKUP(CT3,$G$3:$H$139,2,FALSE) -> L12X12X1-3/8 | CT3: 31.1 | CV3: =VLOOKUP(CW3,$G$140:$H$422,2,FALSE) -> WT18X462.5 | CW3: 136 | CY3: =VLOOKUP(CZ3,$G$423:$H$436,2,FALSE) -> MT2.5X9.45 | CZ3: 2.78 | DB3: =VLOOKUP(DC3,$G$437:$H$464,2,FALSE) -> ST12X60.5 | DC3: 17.8 | DE3: =VLOOKUP(DF3,$G$465:$H$647,2,FALSE) -> 2L12X12X1-3/8 | DF3: 62.2 | DH3: Wide Flange | DI3: Ag | DJ3: d | DK3: tw | DL3: h/tw | DM3: bf/2tf | DN3: Zx | DO3: Sx | DQ3: Wide Flange | DR3: Zx | DS3: Ix | DT3: Lightest Sections | DU3: Ag | DV3: W | DW3: Zx | DX3: Ix | DZ3: TABLE 1-1 W-SHAPES DIMENSIONS | EW3: EFFECTIVE LENGTH FACTOR
B4: L | C4: L12X12X1-1/4 | D4: L12X12X1-1/4 | E4: F | F4: 96.4 | G4: 28.4 | H4: =D4 -> L12X12X1-1/4 | I4: 12 | J4: – | K4: – | L4: – | M4: – | N4: – | O4: – | P4: – | Q4: 12 | R4: – | S4: – | T4: – | U4: – | V4: – | W4: – | X4: 1.25 | Y4: – | Z4: – | AA4: 1.96 | AB4: 1.9375 | AC4: – | AD4: 3.45 | AE4: 3.45 | AF4: – | AG4: 1.18 | AH4: 1.18 | AI4: – | AJ4: 9.6 | AK4: – | AL4: – | AM4: – | AN4: – | AO4: 381 | AP4: 80.7 | AQ4: 44.6 | AR4: 3.66 | AS4: 381 | AT4: 80.7 | AU4: 44.6 | AV4: 3.66 | AW4: 152 | AX4: 2.31 | AY4: 31.1 | AZ4: 14.9 | BA4: 160 | BB4: – | BC4: – | BD4: – | BE4: – | BF4: – | BG4: – | BH4: – | BI4: 6.54 | BJ4: 0.627 | BK4: 1 | BL4: 610 | BM4: 8.04 | BN4: 0 | BO4: 8.04 | BP4: 4.05 | BQ4: 4.88 | BR4: 4.05 | BS4: 75.9 | BT4: – | BU4: 75.9 | BV4: 37.5 | BW4: 31.1 | BX4: 37.5 | BY4: – | BZ4: – | CA4: 36 | CB4: 36 | CC4: 48 | CD4: – | CE4: – | CF4: – | CG4: – | CH4: – | CM4: A53 Gr. B | CN4: Gr. B | CO4: 35 | CP4: 60 | CS4: =VLOOKUP(CT4,$G$3:$H$139,2,FALSE) -> L12X12X1-1/4 | CT4: 28.4 | CV4: =VLOOKUP(CW4,$G$140:$H$422,2,FALSE) -> WT7X436.5 | CW4: 129 | CY4: =VLOOKUP(CZ4,$G$423:$H$436,2,FALSE) -> MT6.25X6.2 | CZ4: 1.82 | DB4: =VLOOKUP(DC4,$G$437:$H$464,2,FALSE) -> ST12X53 | DC4: 15.6 | DE4: =VLOOKUP(DF4,$G$465:$H$647,2,FALSE) -> 2L12X12X1-3/8 | DF4: 62.2 | DH4: W44X335 | DI4: 98.5 | DJ4: 44 | DK4: 1.03 | DL4: 38 | DM4: 4.5 | DN4: 1620 | DO4: 1410 | DQ4: W36X925 | DR4: 4130 | DS4: 73000 | DT4: W36X925 | DU4: 4130 | DV4: 925 | DW4: =VLOOKUP(DT4,$DQ$4:$DR$276,2,FALSE) -> 4130 | DX4: =VLOOKUP(DT4,$DQ$4:$DS$276,3,FALSE) -> 73000
B5: L | C5: L12X12X1-1/8 | D5: L12X12X1-1/8 | E5: F | F5: 87.2 | G5: 25.8 | H5: =D5 -> L12X12X1-1/8 | I5: 12 | J5: – | K5: – | L5: – | M5: – | N5: – | O5: – | P5: – | Q5: 12 | R5: – | S5: – | T5: – | U5: – | V5: – | W5: – | X5: 1.13 | Y5: – | Z5: – | AA5: 1.84 | AB5: 1.8125 | AC5: – | AD5: 3.41 | AE5: 3.41 | AF5: – | AG5: 1.08 | AH5: 1.08 | AI5: – | AJ5: 10.6 | AK5: – | AL5: – | AM5: – | AN5: – | AO5: 350 | AP5: 73.7 | AQ5: 40.7 | AR5: 3.68 | AS5: 350 | AT5: 73.7 | AU5: 40.7 | AV5: 3.68 | AW5: 140 | AX5: 2.33 | AY5: 29 | AZ5: 11.1 | BA5: 120 | BB5: – | BC5: – | BD5: – | BE5: – | BF5: – | BG5: – | BH5: – | BI5: 6.58 | BJ5: 0.626 | BK5: 1 | BL5: 560 | BM5: 8.09 | BN5: 0 | BO5: 8.09 | BP5: 4.06 | BQ5: 4.82 | BR5: 4.06 | BS5: 69.2 | BT5: – | BU5: 69.2 | BV5: 34.5 | BW5: 29 | BX5: 34.5 | BY5: – | BZ5: – | CA5: 36 | CB5: 36 | CC5: 48 | CD5: – | CE5: – | CF5: – | CG5: – | CH5: – | CM5: A500 Gr. B-42 | CN5: Gr. B | CO5: 42 | CP5: 58 | CS5: =VLOOKUP(CT5,$G$3:$H$139,2,FALSE) -> L12X12X1-1/8 | CT5: 25.8 | CV5: =VLOOKUP(CW5,$G$140:$H$422,2,FALSE) -> WT18X426.5 | CW5: 126 | CY5: =VLOOKUP(CZ5,$G$423:$H$436,2,FALSE) -> MT6X5.9 | CZ5: 1.74 | DB5: =VLOOKUP(DC5,$G$437:$H$464,2,FALSE) -> ST12X50 | DC5: 14.7 | DE5: =VLOOKUP(DF5,$G$465:$H$647,2,FALSE) -> 2L12X12X1-3/8 | DF5: 62.2 | DH5: W44X290 | DI5: 85.4 | DJ5: 43.6 | DK5: 0.865 | DL5: 45 | DM5: 5.02 | DN5: 1410 | DO5: 1240 | DQ5: W36X853 | DR5: 3920 | DS5: 70000 | DT5: W36X853 | DU5: 3920 | DV5: 853 | DW5: =VLOOKUP(DT5,$DQ$4:$DR$276,2,FALSE) -> 3920 | DX5: =VLOOKUP(DT5,$DQ$4:$DS$276,3,FALSE) -> 70000
B6: L | C6: L12X12X1 | D6: L12X12X1 | E6: F | F6: 77.8 | G6: 23 | H6: =D6 -> L12X12X1 | I6: 12 | J6: – | K6: – | L6: – | M6: – | N6: – | O6: – | P6: – | Q6: 12 | R6: – | S6: – | T6: – | U6: – | V6: – | W6: – | X6: 1 | Y6: – | Z6: – | AA6: 1.71 | AB6: 1.6875 | AC6: – | AD6: 3.36 | AE6: 3.36 | AF6: – | AG6: 0.958 | AH6: 0.958 | AI6: – | AJ6: 12 | AK6: – | AL6: – | AM6: – | AN6: – | AO6: 315 | AP6: 65.9 | AQ6: 36.5 | AR6: 3.7 | AS6: 315 | AT6: ry+AT+AP2:AP138 | AU6: 36.5 | AV6: 3.7 | AW6: 126 | AX6: 2.34 | AY6: 26.5 | AZ6: 7.8 | BA6: 84.5 | BB6: – | BC6: – | BD6: – | BE6: – | BF6: – | BG6: – | BH6: – | BI6: 6.61 | BJ6: 0.626 | BK6: 1 | BL6: 504 | BM6: 8.13 | BN6: 0 | BO6: 8.13 | BP6: 4.09 | BQ6: 4.75 | BR6: 4.09 | BS6: 62 | BT6: – | BU6: 62 | BV6: 30.8 | BW6: 26.5 | BX6: 30.8 | BY6: – | BZ6: – | CA6: 36 | CB6: 36 | CC6: 48 | CD6: – | CE6: – | CF6: – | CG6: – | CH6: – | CM6: A500 Gr. B-46 | CN6: Gr. B | CO6: 46 | CP6: 58 | CS6: =VLOOKUP(CT6,$G$3:$H$139,2,FALSE) -> L10X10X1-3/8 | CT6: 25.6 | CV6: =VLOOKUP(CW6,$G$140:$H$422,2,FALSE) -> WT7X404 | CW6: 119 | CY6: =VLOOKUP(CZ6,$G$423:$H$436,2,FALSE) -> MT6.25X5.8 | CZ6: 1.7 | DB6: =VLOOKUP(DC6,$G$437:$H$464,2,FALSE) -> ST10X48 | DC6: 14.1 | DE6: =VLOOKUP(DF6,$G$465:$H$647,2,FALSE) -> 2L12X12X1-1/4 | DF6: 56.8 | DH6: W44X262 | DI6: 77.2 | DJ6: 43.3 | DK6: 0.785 | DL6: 49.6 | DM6: 5.57 | DN6: 1270 | DO6: 1110 | DQ6: W36X802 | DR6: 3660 | DS6: 64800 | DT6: W36X802 | DU6: 3660 | DV6: 802 | DW6: =VLOOKUP(DT6,$DQ$4:$DR$276,2,FALSE) -> 3660 | DX6: =VLOOKUP(DT6,$DQ$4:$DS$276,3,FALSE) -> 64800 | DZ6: Sections | EA6: W (lb/ft) | EB6: A (in.²) | EC6: d (in.) | ED6: ddet (in.) | EE6: tw (in.) | EF6: twdet (in.) | EG6: twdet/2 (in.) | EH6: bf (in.) | EI6: bfdet (in.) | EJ6: tf (in.) | EK6: tfdet (in.) | EL6: bf/2tf | EM6: h/tw | EN6: Ix (in.⁴) | EO6: Sx (in.³) | EP6: rx (in.) | EQ6: Zx (in.³) | ER6: Iy (in.⁴) | ES6: Sy (in.³) | ET6: ry (in.) | EU6: Zy (in.³) | EW6: Column End Conditions | EX6: k
B7: L | C7: L10X10X1-3/8 | D7: L10X10X1-3/8 | E7: F | F7: 87.1 | G7: 25.6 | H7: =D7 -> L10X10X1-3/8 | I7: 10 | J7: – | K7: – | L7: – | M7: – | N7: – | O7: – | P7: – | Q7: 10 | R7: – | S7: – | T7: – | U7: – | V7: – | W7: – | X7: 1.38 | Y7: – | Z7: – | AA7: 2.18 | AB7: 2.1875 | AC7: – | AD7: 3 | AE7: 3 | AF7: – | AG7: 1.28 | AH7: 1.28 | AI7: – | AJ7: 7.25 | AK7: – | AL7: – | AM7: – | AN7: – | AO7: 231 | AP7: 59.9 | AQ7: 33 | AR7: 3 | AS7: 231 | AT7: 59.8 | AU7: 33 | AV7: 3 | AW7: 93.3 | AX7: 1.91 | AY7: 22 | AZ7: 16.4 | BA7: 118 | BB7: – | BC7: – | BD7: – | BE7: – | BF7: – | BG7: – | BH7: – | BI7: 5.36 | BJ7: 0.629 | BK7: 1 | BL7: 369 | BM7: 6.58 | BN7: 0 | BO7: 6.58 | BP7: 3.32 | BQ7: 4.24 | BR7: 3.32 | BS7: 56.1 | BT7: – | BU7: 56.1 | BV7: 28.1 | BW7: 22 | BX7: 28.1 | BY7: – | BZ7: – | CA7: 30 | CB7: 30 | CC7: 40 | CD7: – | CE7: – | CF7: – | CG7: – | CH7: – | CM7: A500 Gr. C-46 | CN7: Gr. C | CO7: 46 | CP7: 62 | CS7: =VLOOKUP(CT7,$G$3:$H$139,2,FALSE) -> L10X10X1-1/4 | CT7: 23.4 | CV7: =VLOOKUP(CW7,$G$140:$H$422,2,FALSE) -> WT18X401 | CW7: 118 | CY7: =VLOOKUP(CZ7,$G$423:$H$436,2,FALSE) -> MT6X5.4 | CZ7: 1.59 | DB7: =VLOOKUP(DC7,$G$437:$H$464,2,FALSE) -> ST12X45 | DC7: 13.2 | DE7: =VLOOKUP(DF7,$G$465:$H$647,2,FALSE) -> 2L12X12X1-1/4 | DF7: 56.8 | DH7: W44X230 | DI7: 67.8 | DJ7: 42.9 | DK7: 0.71 | DL7: 54.8 | DM7: 6.45 | DN7: 1100 | DO7: 971 | DQ7: W36X723 | DR7: 3270 | DS7: 57300 | DT7: W36X723 | DU7: 3270 | DV7: 723 | DW7: =VLOOKUP(DT7,$DQ$4:$DR$276,2,FALSE) -> 3270 | DX7: =VLOOKUP(DT7,$DQ$4:$DS$276,3,FALSE) -> 57300 | EW7: Pinned-Pinned | EX7: 1
B8: L | C8: L10X10X1-1/4 | D8: L10X10X1-1/4 | E8: F | F8: 79.9 | G8: 23.4 | H8: =D8 -> L10X10X1-1/4 | I8: 10 | J8: – | K8: – | L8: – | M8: – | N8: – | O8: – | P8: – | Q8: 10 | R8: – | S8: – | T8: – | U8: – | V8: – | W8: – | X8: 1.25 | Y8: – | Z8: – | AA8: 2.05 | AB8: 2.0625 | AC8: – | AD8: 2.95 | AE8: 2.95 | AF8: – | AG8: 1.17 | AH8: 1.17 | AI8: – | AJ8: 8 | AK8: – | AL8: – | AM8: – | AN8: – | AO8: 213 | AP8: 54.9 | AQ8: 30.2 | AR8: 3.02 | AS8: 213 | AT8: 54.9 | AU8: 30.2 | AV8: 3.02 | AW8: 85.4 | AX8: 1.91 | AY8: 20.5 | AZ8: 12.3 | BA8: 89.4 | BB8: – | BC8: – | BD8: – | BE8: – | BF8: – | BG8: – | BH8: – | BI8: 5.39 | BJ8: 0.628 | BK8: 1 | BL8: 341 | BM8: 6.63 | BN8: 0 | BO8: 6.63 | BP8: 3.34 | BQ8: 4.17 | BR8: 3.34 | BS8: 51.4 | BT8: – | BU8: 51.4 | BV8: 25.6 | BW8: 20.5 | BX8: 25.6 | BY8: – | BZ8: – | CA8: 30 | CB8: 30 | CC8: 40 | CD8: – | CE8: – | CF8: – | CG8: – | CH8: – | CM8: A500 Gr. C-50 | CN8: Gr. C | CO8: 50 | CP8: 62 | CS8: =VLOOKUP(CT8,$G$3:$H$139,2,FALSE) -> L12X12X1 | CT8: 23 | CV8: =VLOOKUP(CW8,$G$140:$H$422,2,FALSE) -> WT18X361.5 | CW8: 107 | CY8: =VLOOKUP(CZ8,$G$423:$H$436,2,FALSE) -> MT6X5 | CZ8: 1.48 | DB8: =VLOOKUP(DC8,$G$437:$H$464,2,FALSE) -> ST10X43 | DC8: 12.7 | DE8: =VLOOKUP(DF8,$G$465:$H$647,2,FALSE) -> 2L12X12X1-1/4 | DF8: 56.8 | DH8: W40X655 | DI8: 193 | DJ8: 43.6 | DK8: 1.97 | DL8: 17.3 | DM8: 2.39 | DN8: 3080 | DO8: 2590 | DQ8: W40X655 | DR8: 3080 | DS8: 56500 | DT8: W40X655 | DU8: 3080 | DV8: 655 | DW8: =VLOOKUP(DT8,$DQ$4:$DR$276,2,FALSE) -> 3080 | DX8: =VLOOKUP(DT8,$DQ$4:$DS$276,3,FALSE) -> 56500 | DZ8: W44X335 | EA8: 335 | EB8: 98.5 | EC8: 44 | ED8: 44 | EE8: 1.03 | EF8: 1 | EG8: 44928 | EH8: 15.9 | EI8: 16 | EJ8: 1.77 | EK8: 1 3/4 | EL8: 4.5 | EM8: 38 | EN8: 31100 | EO8: 1410 | EP8: 17.8 | EQ8: 1620 | ER8: 1200 | ES8: 150 | ET8: 3.49 | EU8: 236 | EW8: Fixed-Fixed | EX8: 0.65
B9: L | C9: L10X10X1-1/8 | D9: L10X10X1-1/8 | E9: F | F9: 72.3 | G9: 21.3 | H9: =D9 -> L10X10X1-1/8 | I9: 10 | J9: – | K9: – | L9: – | M9: – | N9: – | O9: – | P9: – | Q9: 10 | R9: – | S9: – | T9: – | U9: – | V9: – | W9: – | X9: 1.13 | Y9: – | Z9: – | AA9: 1.93 | AB9: 1.9375 | AC9: – | AD9: 2.9 | AE9: 2.9 | AF9: – | AG9: 1.07 | AH9: 1.07 | AI9: – | AJ9: 8.85 | AK9: – | AL9: – | AM9: – | AN9: – | AO9: 196 | AP9: 50.2 | AQ9: 27.6 | AR9: 3.03 | AS9: 196 | AT9: 50.2 | AU9: 27.6 | AV9: 3.03 | AW9: 78.2 | AX9: 1.92 | AY9: 19.1 | AZ9: 9.21 | BA9: 67.3 | BB9: – | BC9: – | BD9: – | BE9: – | BF9: – | BG9: – | BH9: – | BI9: 5.41 | BJ9: 0.627 | BK9: 1 | BL9: 314 | BM9: 6.67 | BN9: 0 | BO9: 6.67 | BP9: 3.37 | BQ9: 4.1 | BR9: 3.37 | BS9: 47.1 | BT9: – | BU9: 47.1 | BV9: 23.2 | BW9: 19.1 | BX9: 23.2 | BY9: – | BZ9: – | CA9: 30 | CB9: 30 | CC9: 40 | CD9: – | CE9: – | CF9: – | CG9: – | CH9: – | CM9: A501 Gr. A-36 | CN9: Gr. A | CO9: 36 | CP9: 58 | CS9: =VLOOKUP(CT9,$G$3:$H$139,2,FALSE) -> L10X10X1-1/8 | CT9: 21.3 | CV9: =VLOOKUP(CW9,$G$140:$H$422,2,FALSE) -> WT18X361.5 | CW9: 107 | CY9: =VLOOKUP(CZ9,$G$423:$H$436,2,FALSE) -> MT5X4.5 | CZ9: 1.33 | DB9: =VLOOKUP(DC9,$G$437:$H$464,2,FALSE) -> ST12X40 | DC9: 11.7 | DE9: =VLOOKUP(DF9,$G$465:$H$647,2,FALSE) -> 2L12X12X1-1/8 | DF9: 51.6 | DH9: W40X593 | DI9: 174 | DJ9: 43 | DK9: 1.79 | DL9: 19.1 | DM9: 2.58 | DN9: 2760 | DO9: 2340 | DQ9: W36X652 | DR9: 2910 | DS9: 50600 | DT9: W36X652 | DU9: 2910 | DV9: 652 | DW9: =VLOOKUP(DT9,$DQ$4:$DR$276,2,FALSE) -> 2910 | DX9: =VLOOKUP(DT9,$DQ$4:$DS$276,3,FALSE) -> 50600 | DZ9: W44X290 | EA9: 290 | EB9: 85.4 | EC9: 43.6 | ED9: 43 5/8 | EE9: 0.865 | EF9: 45115 | EG9: 45123 | EH9: 15.8 | EI9: 15 7/8 | EJ9: 1.58 | EK9: 1 9/16 | EL9: 5.02 | EM9: 45 | EN9: 27000 | EO9: 1240 | EP9: 17.8 | EQ9: 1410 | ER9: 1040 | ES9: 132 | ET9: 3.49 | EU9: 205 | EW9: Fixed-Free | EX9: 2.1
B10: L | C10: L10X10X1 | D10: L10X10X1 | E10: F | F10: 64.7 | G10: 19 | H10: =D10 -> L10X10X1 | I10: 10 | J10: – | K10: – | L10: – | M10: – | N10: – | O10: – | P10: – | Q10: 10 | R10: – | S10: – | T10: – | U10: – | V10: – | W10: – | X10: 1 | Y10: – | Z10: – | AA10: 1.8 | AB10: 1.8125 | AC10: – | AD10: 2.86 | AE10: 2.86 | AF10: – | AG10: 0.95 | AH10: 0.95 | AI10: – | AJ10: 10 | AK10: – | AL10: – | AM10: – | AN10: – | AO10: 177 | AP10: 45 | AQ10: 24.8 | AR10: 3.05 | AS10: 177 | AT10: 45 | AU10: 24.8 | AV10: 3.05 | AW10: 70.4 | AX10: 1.92 | AY10: 17.4 | AZ10: 6.46 | BA10: 47.6 | BB10: – | BC10: – | BD10: – | BE10: – | BF10: – | BG10: – | BH10: – | BI10: 5.46 | BJ10: 0.626 | BK10: 1 | BL10: 284 | BM10: 6.72 | BN10: 0 | BO10: 6.72 | BP10: 3.38 | BQ10: 4.04 | BR10: 3.38 | BS10: 42.3 | BT10: – | BU10: 42.3 | BV10: 20.8 | BW10: 17.4 | BX10: 20.8 | BY10: – | BZ10: – | CA10: 30 | CB10: 30 | CC10: 40 | CD10: – | CE10: – | CF10: – | CG10: – | CH10: – | CM10: A501 Gr. B-50 | CN10: Gr. B | CO10: 50 | CP10: 70 | CS10: =VLOOKUP(CT10,$G$3:$H$139,2,FALSE) -> L10X10X1 | CT10: 19 | CV10: =VLOOKUP(CW10,$G$140:$H$422,2,FALSE) -> WT7X332.5 | CW10: 97.8 | CY10: =VLOOKUP(CZ10,$G$423:$H$436,2,FALSE) -> MT5X4 | CZ10: 1.19 | DB10: =VLOOKUP(DC10,$G$437:$H$464,2,FALSE) -> ST10X37.5 | DC10: 11 | DE10: =VLOOKUP(DF10,$G$465:$H$647,2,FALSE) -> 2L12X12X1-1/8 | DF10: 51.6 | DH10: W40X503 | DI10: 148 | DJ10: 42.1 | DK10: 1.54 | DL10: 22.3 | DM10: 2.98 | DN10: 2320 | DO10: 1980 | DQ10: W40X593 | DR10: 2760 | DS10: 50400 | DT10: W40X593 | DU10: 2760 | DV10: 593 | DW10: =VLOOKUP(DT10,$DQ$4:$DR$276,2,FALSE) -> 2760 | DX10: =VLOOKUP(DT10,$DQ$4:$DS$276,3,FALSE) -> 50400 | DZ10: W44X262 | EA10: 262 | EB10: 77.2 | EC10: 43.3 | ED10: 43 1/4 | EE10: 0.785 | EF10: 13/16 | EG10: 45123 | EH10: 15.8 | EI10: 15 3/4 | EJ10: 1.42 | EK10: 1 7/16 | EL10: 5.57 | EM10: 49.6 | EN10: 24100 | EO10: 1110 | EP10: 17.7 | EQ10: 1270 | ER10: 923 | ES10: 117 | ET10: 3.47 | EU10: 182 | EW10: Fixed-Pinned | EX10: 0.8
B11: L | C11: L10X10X7/8 | D11: L10X10X7/8 | E11: F | F11: 56.9 | G11: 16.8 | H11: =D11 -> L10X10X7/8 | I11: 10 | J11: – | K11: – | L11: – | M11: – | N11: – | O11: – | P11: – | Q11: 10 | R11: – | S11: – | T11: – | U11: – | V11: – | W11: – | X11: 0.875 | Y11: – | Z11: – | AA11: 1.68 | AB11: 1.6875 | AC11: – | AD11: 2.8 | AE11: 2.8 | AF11: – | AG11: 0.84 | AH11: 0.84 | AI11: – | AJ11: 11.4 | AK11: – | AL11: – | AM11: – | AN11: – | AO11: 158 | AP11: 39.9 | AQ11: 21.9 | AR11: 3.07 | AS11: 158 | AT11: 39.9 | AU11: 21.9 | AV11: 3.07 | AW11: 62.8 | AX11: 1.93 | AY11: 15.9 | AZ11: 4.39 | BA11: 32.5 | BB11: – | BC11: – | BD11: – | BE11: – | BF11: – | BG11: – | BH11: – | BI11: 5.47 | BJ11: 0.627 | BK11: 1 | BL11: 253 | BM11: 6.76 | BN11: 0 | BO11: 6.76 | BP11: 3.42 | BQ11: 3.96 | BR11: 3.42 | BS11: 37.4 | BT11: – | BU11: 37.4 | BV11: 18.4 | BW11: 15.9 | BX11: 18.4 | BY11: – | BZ11: – | CA11: 30 | CB11: 30 | CC11: 40 | CD11: – | CE11: – | CF11: – | CG11: – | CH11: – | CM11: A529 Gr. 50 | CN11: Grade 50 | CO11: 50 | CP11: 65 | CS11: =VLOOKUP(CT11,$G$3:$H$139,2,FALSE) -> L10X10X7/8 | CT11: 16.8 | CV11: =VLOOKUP(CW11,$G$140:$H$422,2,FALSE) -> WT20X327.5 | CW11: 96.4 | CY11: =VLOOKUP(CZ11,$G$423:$H$436,2,FALSE) -> MT5X3.75 | CZ11: 1.11 | DB11: =VLOOKUP(DC11,$G$437:$H$464,2,FALSE) -> ST9X35 | DC11: 10.3 | DE11: =VLOOKUP(DF11,$G$465:$H$647,2,FALSE) -> 2L12X12X1-1/8 | DF11: 51.6 | DH11: W40X431 | DI11: 127 | DJ11: 41.3 | DK11: 1.34 | DL11: 25.5 | DM11: 3.44 | DN11: 1960 | DO11: 1690 | DQ11: W36X529 | DR11: 2330 | DS11: 39600 | DT11: W36X529 | DU11: 2330 | DV11: 529 | DW11: =VLOOKUP(DT11,$DQ$4:$DR$276,2,FALSE) -> 2330 | DX11: =VLOOKUP(DT11,$DQ$4:$DS$276,3,FALSE) -> 39600 | DZ11: W44X230 | EA11: 230 | EB11: 67.8 | EC11: 42.9 | ED11: 42 7/8 | EE11: 0.71 | EF11: 45246 | EG11: 44993 | EH11: 15.8 | EI11: 15 3/4 | EJ11: 1.22 | EK11: 1 1/4 | EL11: 6.45 | EM11: 54.8 | EN11: 20800 | EO11: 971 | EP11: 17.5 | EQ11: 1100 | ER11: 796 | ES11: 101 | ET11: 3.43 | EU11: 157 | EW11: Fixed-Fixed but Translation Free | EX11: 1.2
B12: L | C12: L10X10X3/4 | D12: L10X10X3/4 | E12: F | F12: 49.1 | G12: 14.5 | H12: =D12 -> L10X10X3/4 | I12: 10 | J12: – | K12: – | L12: – | M12: – | N12: – | O12: – | P12: – | Q12: 10 | R12: – | S12: – | T12: – | U12: – | V12: – | W12: – | X12: 0.75 | Y12: – | Z12: – | AA12: 1.55 | AB12: 1.5625 | AC12: – | AD12: 2.76 | AE12: 2.76 | AF12: – | AG12: 0.725 | AH12: 0.725 | AI12: – | AJ12: 13.3 | AK12: – | AL12: – | AM12: – | AN12: – | AO12: 139 | AP12: 34.6 | AQ12: 19.2 | AR12: 3.1 | AS12: 139 | AT12: 34.6 | AU12: 19.2 | AV12: 3.1 | AW12: 55.7 | AX12: 1.96 | AY12: 14.3 | AZ12: 2.8 | BA12: 20.9 | BB12: – | BC12: – | BD12: – | BE12: – | BF12: – | BG12: – | BH12: – | BI12: 5.53 | BJ12: 0.628 | BK12: 1 | BL12: 222 | BM12: 6.81 | BN12: 0 | BO12: 6.81 | BP12: 3.43 | BQ12: 3.9 | BR12: 3.43 | BS12: 32.6 | BT12: – | BU12: 32.6 | BV12: 16.2 | BW12: 14.3 | BX12: 16.2 | BY12: – | BZ12: – | CA12: 30 | CB12: 30 | CC12: 40 | CD12: – | CE12: – | CF12: – | CG12: – | CH12: – | CM12: A529 Gr. 55 | CN12: Grade 55 | CO12: 55 | CP12: 70 | CS12: =VLOOKUP(CT12,$G$3:$H$139,2,FALSE) -> L10X10X7/8 | CT12: 16.8 | CV12: =VLOOKUP(CW12,$G$140:$H$422,2,FALSE) -> WT18X326 | CW12: 96.2 | CY12: =VLOOKUP(CZ12,$G$423:$H$436,2,FALSE) -> MT4X3.25 | CZ12: 0.959 | DB12: =VLOOKUP(DC12,$G$437:$H$464,2,FALSE) -> ST10X33 | DC12: 9.7 | DE12: =VLOOKUP(DF12,$G$465:$H$647,2,FALSE) -> 2L10X10X1-3/8 | DF12: 51.2 | DH12: W40X397 | DI12: 117 | DJ12: 41 | DK12: 1.22 | DL12: 28 | DM12: 3.66 | DN12: 1800 | DO12: 1560 | DQ12: W40X503 | DR12: 2320 | DS12: 41600 | DT12: W40X503 | DU12: 2320 | DV12: 503 | DW12: =VLOOKUP(DT12,$DQ$4:$DR$276,2,FALSE) -> 2320 | DX12: =VLOOKUP(DT12,$DQ$4:$DS$276,3,FALSE) -> 41600 | DZ12: W40X655 | EA12: 655 | EB12: 193 | EC12: 43.6 | ED12: 43 5/8 | EE12: 1.97 | EF12: 2 | EG12: 1 | EH12: 16.9 | EI12: 16 7/8 | EJ12: 3.54 | EK12: 3 9/16 | EL12: 2.39 | EM12: 17.3 | EN12: 56500 | EO12: 2590 | EP12: 17.1 | EQ12: 3080 | ER12: 2870 | ES12: 340 | ET12: 3.86 | EU12: 542 | EW12: Pinned-Fixed but Translation Free | EX12: 2
B13: L | C13: L8X8X1-1/8 | D13: L8X8X1-1/8 | E13: F | F13: 56.9 | G13: 16.8 | H13: =D13 -> L8X8X1-1/8 | I13: 8 | J13: – | K13: – | L13: – | M13: – | N13: – | O13: – | P13: – | Q13: 8 | R13: – | S13: – | T13: – | U13: – | V13: – | W13: – | X13: 1.13 | Y13: – | Z13: – | AA13: 1.75 | AB13: 1.75 | AC13: – | AD13: 2.4 | AE13: 2.4 | AF13: – | AG13: 1.05 | AH13: 1.05 | AI13: – | AJ13: 7.08 | AK13: – | AL13: – | AM13: – | AN13: – | AO13: 98.1 | AP13: 31.6 | AQ13: 17.5 | AR13: 2.41 | AS13: 98.1 | AT13: 31.6 | AU13: 17.5 | AV13: 2.41 | AW13: 40.7 | AX13: 1.56 | AY13: 12 | AZ13: 7.13 | BA13: 32.5 | BB13: – | BC13: – | BD13: – | BE13: – | BF13: – | BG13: – | BH13: – | BI13: 4.29 | BJ13: 0.63 | BK13: 1 | BL13: 155 | BM13: 5.26 | BN13: 0 | BO13: 5.26 | BP13: 2.66 | BQ13: 3.39 | BR13: 2.66 | BS13: 29.5 | BT13: – | BU13: 29.5 | BV13: 15.3 | BW13: 12 | BX13: 15.3 | BY13: – | BZ13: – | CA13: 24 | CB13: 24 | CC13: 32 | CD13: – | CE13: – | CF13: – | CG13: – | CH13: – | CM13: A709 | CN13: - | CO13: 36 | CP13: 58 | CS13: =VLOOKUP(CT13,$G$3:$H$139,2,FALSE) -> L8X8X1 | CT13: 15.1 | CV13: =VLOOKUP(CW13,$G$140:$H$422,2,FALSE) -> WT7X302.5 | CW13: 89 | CY13: =VLOOKUP(CZ13,$G$423:$H$436,2,FALSE) -> MT4X3.1 | CZ13: 0.911 | DB13: =VLOOKUP(DC13,$G$437:$H$464,2,FALSE) -> ST9X27.35 | DC13: 8.02 | DE13: =VLOOKUP(DF13,$G$465:$H$647,2,FALSE) -> 2L10X10X1-3/8 | DF13: 51.2 | DH13: W40X372 | DI13: 110 | DJ13: 40.6 | DK13: 1.16 | DL13: 29.5 | DM13: 3.93 | DN13: 1680 | DO13: 1460 | DQ13: W36X487 | DR13: 2130 | DS13: 36000 | DT13: W36X487 | DU13: 2130 | DV13: 487 | DW13: =VLOOKUP(DT13,$DQ$4:$DR$276,2,FALSE) -> 2130 | DX13: =VLOOKUP(DT13,$DQ$4:$DS$276,3,FALSE) -> 36000 | DZ13: W40X593 | EA13: 593 | EB13: 174 | EC13: 43 | ED13: 43 | EE13: 1.79 | EF13: 1 13/16 | EG13: 15/16 | EH13: 16.7 | EI13: 16 3/4 | EJ13: 3.23 | EK13: 3 1/4 | EL13: 2.58 | EM13: 19.1 | EN13: 50400 | EO13: 2340 | EP13: 17 | EQ13: 2760 | ER13: 2520 | ES13: 302 | ET13: 3.8 | EU13: 481 | EW13: N/A | EX13: 0
B14: L | C14: L8X8X1 | D14: L8X8X1 | E14: F | F14: 51 | G14: 15.1 | H14: =D14 -> L8X8X1 | I14: 8 | J14: – | K14: – | L14: – | M14: – | N14: – | O14: – | P14: – | Q14: 8 | R14: – | S14: – | T14: – | U14: – | V14: – | W14: – | X14: 1 | Y14: – | Z14: – | AA14: 1.63 | AB14: 1.625 | AC14: – | AD14: 2.36 | AE14: 2.36 | AF14: – | AG14: 0.944 | AH14: 0.944 | AI14: – | AJ14: 8 | AK14: – | AL14: – | AM14: – | AN14: – | AO14: 89.1 | AP14: 28.5 | AQ14: 15.8 | AR14: 2.43 | AS14: 89.1 | AT14: 28.5 | AU14: 15.8 | AV14: 2.43 | AW14: 36.8 | AX14: 1.56 | AY14: 11 | AZ14: 5.08 | BA14: 23.4 | BB14: – | BC14: – | BD14: – | BE14: – | BF14: – | BG14: – | BH14: – | BI14: 4.32 | BJ14: 0.63 | BK14: 1 | BL14: 141 | BM14: 5.3 | BN14: 0 | BO14: 5.3 | BP14: 2.67 | BQ14: 3.34 | BR14: 2.67 | BS14: 26.6 | BT14: – | BU14: 26.6 | BV14: 13.8 | BW14: 11 | BX14: 13.8 | BY14: – | BZ14: – | CA14: 24 | CB14: 24 | CC14: 32 | CD14: – | CE14: – | CF14: – | CG14: – | CH14: – | CM14: A1043 Gr. 36 | CN14: 36 | CO14: 36 | CP14: 58 | CS14: =VLOOKUP(CT14,$G$3:$H$139,2,FALSE) -> L10X10X3/4 | CT14: 14.5 | CV14: =VLOOKUP(CW14,$G$140:$H$422,2,FALSE) -> WT20X296.5 | CW14: 87.2 | CY14: =VLOOKUP(CZ14,$G$423:$H$436,2,FALSE) -> MT2X3 | CZ14: 0.875 | DB14: =VLOOKUP(DC14,$G$437:$H$464,2,FALSE) -> ST7.5X25 | DC14: 7.34 | DE14: =VLOOKUP(DF14,$G$465:$H$647,2,FALSE) -> 2L10X10X1-3/8 | DF14: 51.2 | DH14: W40X362 | DI14: 106 | DJ14: 40.6 | DK14: 1.12 | DL14: 30.5 | DM14: 3.99 | DN14: 1640 | DO14: 1420 | DQ14: W14X873 | DR14: 2030 | DS14: 18100 | DT14: W40X431 | DU14: 1960 | DV14: 431 | DW14: =VLOOKUP(DT14,$DQ$4:$DR$276,2,FALSE) -> 1960 | DX14: =VLOOKUP(DT14,$DQ$4:$DS$276,3,FALSE) -> 34800 | DZ14: W40X503 | EA14: 503 | EB14: 148 | EC14: 42.1 | ED14: 42 | EE14: 1.54 | EF14: 1 9/16 | EG14: 13/16 | EH14: 16.4 | EI14: 16 3/8 | EJ14: 2.76 | EK14: 2 3/4 | EL14: 2.98 | EM14: 22.3 | EN14: 41600 | EO14: 1980 | EP14: 16.8 | EQ14: 2320 | ER14: 2040 | ES14: 249 | ET14: 3.72 | EU14: 394
B15: L | C15: L8X8X7/8 | D15: L8X8X7/8 | E15: F | F15: 45 | G15: 13.3 | H15: =D15 -> L8X8X7/8 | I15: 8 | J15: – | K15: – | L15: – | M15: – | N15: – | O15: – | P15: – | Q15: 8 | R15: – | S15: – | T15: – | U15: – | V15: – | W15: – | X15: 0.875 | Y15: – | Z15: – | AA15: 1.5 | AB15: 1.5 | AC15: – | AD15: 2.31 | AE15: 2.31 | AF15: – | AG15: 0.831 | AH15: 0.831 | AI15: – | AJ15: 9.14 | AK15: – | AL15: – | AM15: – | AN15: – | AO15: 79.7 | AP15: 25.3 | AQ15: 14 | AR15: 2.45 | AS15: 79.7 | AT15: 25.3 | AU15: 14 | AV15: 2.45 | AW15: 32.7 | AX15: 1.57 | AY15: 10 | AZ15: 3.46 | BA15: 16.1 | BB15: – | BC15: – | BD15: – | BE15: – | BF15: – | BG15: – | BH15: – | BI15: 4.36 | BJ15: 0.63 | BK15: 1 | BL15: 127 | BM15: 5.35 | BN15: 0 | BO15: 5.35 | BP15: 2.7 | BQ15: 3.27 | BR15: 2.7 | BS15: 23.7 | BT15: – | BU15: 23.7 | BV15: 12.1 | BW15: 10 | BX15: 12.1 | BY15: – | BZ15: – | CA15: 24 | CB15: 24 | CC15: 32 | CD15: – | CE15: – | CF15: – | CG15: – | CH15: – | CM15: A1043 Gr. 50 | CN15: 50 | CO15: 50 | CP15: 65 | CS15: =VLOOKUP(CT15,$G$3:$H$139,2,FALSE) -> L8X8X7/8 | CT15: 13.3 | CV15: =VLOOKUP(CW15,$G$140:$H$422,2,FALSE) -> WT7X275 | CW15: 80.9 | CY15: =VLOOKUP(CZ15,$G$423:$H$436,2,FALSE) -> MT3X2.2 | CZ15: 0.647 | DB15: =VLOOKUP(DC15,$G$437:$H$464,2,FALSE) -> ST6X25 | DC15: 7.33 | DE15: =VLOOKUP(DF15,$G$465:$H$647,2,FALSE) -> 2L10X10X1-1/4 | DF15: 46.8 | DH15: W40X324 | DI15: 95.3 | DJ15: 40.2 | DK15: 1 | DL15: 34.2 | DM15: 4.4 | DN15: 1460 | DO15: 1280 | DQ15: W40X431 | DR15: 1960 | DS15: 34800 | DT15: W40X397 | DU15: 1800 | DV15: 397 | DW15: =VLOOKUP(DT15,$DQ$4:$DR$276,2,FALSE) -> 1800 | DX15: =VLOOKUP(DT15,$DQ$4:$DS$276,3,FALSE) -> 32000 | DZ15: W40X431 | EA15: 431 | EB15: 127 | EC15: 41.3 | ED15: 41 1/4 | EE15: 1.34 | EF15: 1 5/16 | EG15: 45246 | EH15: 16.2 | EI15: 16 1/4 | EJ15: 2.36 | EK15: 2 3/8 | EL15: 3.44 | EM15: 25.5 | EN15: 34800 | EO15: 1690 | EP15: 16.6 | EQ15: 1960 | ER15: 1690 | ES15: 208 | ET15: 3.65 | EU15: 328
B16: L | C16: L8X8X3/4 | D16: L8X8X3/4 | E16: F | F16: 38.9 | G16: 11.5 | H16: =D16 -> L8X8X3/4 | I16: 8 | J16: – | K16: – | L16: – | M16: – | N16: – | O16: – | P16: – | Q16: 8 | R16: – | S16: – | T16: – | U16: – | V16: – | W16: – | X16: 0.75 | Y16: – | Z16: – | AA16: 1.38 | AB16: 1.375 | AC16: – | AD16: 2.26 | AE16: 2.26 | AF16: – | AG16: 0.719 | AH16: 0.719 | AI16: – | AJ16: 10.7 | AK16: – | AL16: – | AM16: – | AN16: – | AO16: 69.9 | AP16: 22 | AQ16: 12.2 | AR16: 2.46 | AS16: 69.9 | AT16: 22 | AU16: 12.2 | AV16: 2.46 | AW16: 28.5 | AX16: 1.57 | AY16: 8.91 | AZ16: 2.21 | BA16: 10.4 | BB16: – | BC16: – | BD16: – | BE16: – | BF16: – | BG16: – | BH16: – | BI16: 4.39 | BJ16: 0.63 | BK16: 1 | BL16: 111 | BM16: 5.39 | BN16: 0 | BO16: 5.39 | BP16: 2.73 | BQ16: 3.2 | BR16: 2.73 | BS16: 20.6 | BT16: – | BU16: 20.6 | BV16: 10.4 | BW16: 8.91 | BX16: 10.4 | BY16: – | BZ16: – | CA16: 24 | CB16: 24 | CC16: 32 | CD16: – | CE16: – | CF16: – | CG16: – | CH16: – | CM16: A1085 | CN16: Gr. A | CO16: 50 | CP16: 65 | CS16: =VLOOKUP(CT16,$G$3:$H$139,2,FALSE) -> L8X6X1 | CT16: 13.1 | CV16: =VLOOKUP(CW16,$G$140:$H$422,2,FALSE) -> WT13.5X269.5 | CW16: 79.3 | CY16: =VLOOKUP(CZ16,$G$423:$H$436,2,FALSE) -> MT3X1.85 | CZ16: 0.545 | DB16: =VLOOKUP(DC16,$G$437:$H$464,2,FALSE) -> ST7.5X21.45 | DC16: 6.3 | DE16: =VLOOKUP(DF16,$G$465:$H$647,2,FALSE) -> 2L10X10X1-1/4 | DF16: 46.8 | DH16: W40X297 | DI16: 87.3 | DJ16: 39.8 | DK16: 0.93 | DL16: 36.8 | DM16: 4.8 | DN16: 1330 | DO16: 1170 | DQ16: W36X441 | DR16: 1910 | DS16: 32100 | DT16: W40X392 | DU16: 1710 | DV16: 392 | DW16: =VLOOKUP(DT16,$DQ$4:$DR$276,2,FALSE) -> 1710 | DX16: =VLOOKUP(DT16,$DQ$4:$DS$276,3,FALSE) -> 29900 | DZ16: W40X397 | EA16: 397 | EB16: 117 | EC16: 41 | ED16: 41 | EE16: 1.22 | EF16: 1 1/4 | EG16: 45054 | EH16: 16.1 | EI16: 16 1/8 | EJ16: 2.2 | EK16: 2 3/16 | EL16: 3.66 | EM16: 28 | EN16: 32000 | EO16: 1560 | EP16: 16.6 | EQ16: 1800 | ER16: 1540 | ES16: 191 | ET16: 3.64 | EU16: 300
B17: L | C17: L8X8X5/8 | D17: L8X8X5/8 | E17: F | F17: 32.7 | G17: 9.69 | H17: =D17 -> L8X8X5/8 | I17: 8 | J17: – | K17: – | L17: – | M17: – | N17: – | O17: – | P17: – | Q17: 8 | R17: – | S17: – | T17: – | U17: – | V17: – | W17: – | X17: 0.625 | Y17: – | Z17: – | AA17: 1.25 | AB17: 1.25 | AC17: – | AD17: 2.21 | AE17: 2.21 | AF17: – | AG17: 0.606 | AH17: 0.606 | AI17: – | AJ17: 12.8 | AK17: – | AL17: – | AM17: – | AN17: – | AO17: 59.6 | AP17: 18.6 | AQ17: 10.3 | AR17: 2.48 | AS17: 59.6 | AT17: 18.6 | AU17: 10.3 | AV17: 2.48 | AW17: 24.2 | AX17: 1.58 | AY17: 7.73 | AZ17: 1.3 | BA17: 6.16 | BB17: – | BC17: – | BD17: – | BE17: – | BF17: – | BG17: – | BH17: – | BI17: 4.42 | BJ17: 0.63 | BK17: 1 | BL17: 95 | BM17: 5.44 | BN17: 0 | BO17: 5.44 | BP17: 2.75 | BQ17: 3.13 | BR17: 2.75 | BS17: 17.5 | BT17: – | BU17: 17.5 | BV17: 8.8 | BW17: 7.73 | BX17: 8.8 | BY17: – | BZ17: – | CA17: 24 | CB17: 24 | CC17: 32 | CD17: – | CE17: – | CF17: – | CG17: – | CH17: – | CL17: Corrosion Resistant High-Strength Low-Alloy | CM17: A572 Gr. 42 | CN17: Grade 42 | CO17: 42 | CP17: 60 | CS17: =VLOOKUP(CT17,$G$3:$H$139,2,FALSE) -> L8X8X3/4 | CT17: 11.5 | CV17: =VLOOKUP(CW17,$G$140:$H$422,2,FALSE) -> WT18X264.5 | CW17: 77.8 | DB17: =VLOOKUP(DC17,$G$437:$H$464,2,FALSE) -> ST6X20.4 | DC17: 5.96 | DE17: =VLOOKUP(DF17,$G$465:$H$647,2,FALSE) -> 2L10X10X1-1/4 | DF17: 46.8 | DH17: W40X277 | DI17: 81.5 | DJ17: 39.7 | DK17: 0.83 | DL17: 41.2 | DM17: 5.03 | DN17: 1250 | DO17: 1100 | DQ17: W27X539 | DR17: 1890 | DS17: 25600 | DT17: W40X372 | DU17: 1680 | DV17: 372 | DW17: =VLOOKUP(DT17,$DQ$4:$DR$276,2,FALSE) -> 1680 | DX17: =VLOOKUP(DT17,$DQ$4:$DS$276,3,FALSE) -> 29600 | DZ17: W40X372 | EA17: 372 | EB17: 110 | EC17: 40.6 | ED17: 40 5/8 | EE17: 1.16 | EF17: 1 3/16 | EG17: 45054 | EH17: 16.1 | EI17: 16 1/8 | EJ17: 2.05 | EK17: 2 1/16 | EL17: 3.93 | EM17: 29.5 | EN17: 29600 | EO17: 1460 | EP17: 16.5 | EQ17: 1680 | ER17: 1420 | ES17: 177 | ET17: 3.6 | EU17: 277
B18: L | C18: L8X8X9/16 | D18: L8X8X9/16 | E18: F | F18: 29.6 | G18: 8.77 | H18: =D18 -> L8X8X9/16 | I18: 8 | J18: – | K18: – | L18: – | M18: – | N18: – | O18: – | P18: – | Q18: 8 | R18: – | S18: – | T18: – | U18: – | V18: – | W18: – | X18: 0.563 | Y18: – | Z18: – | AA18: 1.19 | AB18: 1.1875 | AC18: – | AD18: 2.19 | AE18: 2.19 | AF18: – | AG18: 0.548 | AH18: 0.548 | AI18: – | AJ18: 14.2 | AK18: – | AL18: – | AM18: – | AN18: – | AO18: 54.2 | AP18: 16.8 | AQ18: 9.33 | AR18: 2.49 | AS18: 54.2 | AT18: 16.8 | AU18: 9.33 | AV18: 2.49 | AW18: 21.9 | AX18: 1.58 | AY18: 7.06 | AZ18: 0.961 | BA18: 4.55 | BB18: – | BC18: – | BD18: – | BE18: – | BF18: – | BG18: – | BH18: – | BI18: 4.43 | BJ18: 0.63 | BK18: 1 | BL18: 86.4 | BM18: 5.46 | BN18: 0 | BO18: 5.46 | BP18: 2.76 | BQ18: 3.1 | BR18: 2.76 | BS18: 15.8 | BT18: – | BU18: 15.8 | BV18: 7.93 | BW18: 7.06 | BX18: 7.93 | BY18: – | BZ18: – | CA18: 24 | CB18: 24 | CC18: 32 | CD18: – | CE18: – | CF18: – | CG18: – | CH18: – | CM18: A572 Gr. 50 | CN18: Grade 50 | CO18: 50 | CP18: 65 | CS18: =VLOOKUP(CT18,$G$3:$H$139,2,FALSE) -> L8X8X3/4 | CT18: 11.5 | CV18: =VLOOKUP(CW18,$G$140:$H$422,2,FALSE) -> WT20X251.5 | CW18: 74 | DB18: =VLOOKUP(DC18,$G$437:$H$464,2,FALSE) -> ST5X17.5 | DC18: 5.14 | DE18: =VLOOKUP(DF18,$G$465:$H$647,2,FALSE) -> 2L12X12X1 | DF18: 46 | DH18: W40X249 | DI18: 73.5 | DJ18: 39.4 | DK18: 0.75 | DL18: 45.6 | DM18: 5.55 | DN18: 1120 | DO18: 993 | DQ18: W14X808 | DR18: 1830 | DS18: 15900 | DT18: W40X362 | DU18: 1640 | DV18: 362 | DW18: =VLOOKUP(DT18,$DQ$4:$DR$276,2,FALSE) -> 1640 | DX18: =VLOOKUP(DT18,$DQ$4:$DS$276,3,FALSE) -> 28900 | DZ18: W40X362 | EA18: 362 | EB18: 106 | EC18: 40.6 | ED18: 40 1/2 | EE18: 1.12 | EF18: 1 1/8 | EG18: 45185 | EH18: 16 | EI18: 16 | EJ18: 2.01 | EK18: 2 | EL18: 3.99 | EM18: 30.5 | EN18: 28900 | EO18: 1420 | EP18: 16.5 | EQ18: 1640 | ER18: 1380 | ES18: 173 | ET18: 3.6 | EU18: 270
B19: L | C19: L8X8X1/2 | D19: L8X8X1/2 | E19: F | F19: 26.4 | G19: 7.84 | H19: =D19 -> L8X8X1/2 | I19: 8 | J19: – | K19: – | L19: – | M19: – | N19: – | O19: – | P19: – | Q19: 8 | R19: – | S19: – | T19: – | U19: – | V19: – | W19: – | X19: 0.5 | Y19: – | Z19: – | AA19: 1.13 | AB19: 1.125 | AC19: – | AD19: 2.17 | AE19: 2.17 | AF19: – | AG19: 0.49 | AH19: 0.49 | AI19: – | AJ19: 16 | AK19: – | AL19: – | AM19: – | AN19: – | AO19: 48.8 | AP19: 15.1 | AQ19: 8.36 | AR19: 2.49 | AS19: 48.8 | AT19: 15.1 | AU19: 8.36 | AV19: 2.49 | AW19: 19.8 | AX19: 1.59 | AY19: 6.45 | AZ19: 0.683 | BA19: 3.23 | BB19: – | BC19: – | BD19: – | BE19: – | BF19: – | BG19: – | BH19: – | BI19: 4.45 | BJ19: 0.63 | BK19: 1 | BL19: 77.9 | BM19: 5.48 | BN19: 0 | BO19: 5.48 | BP19: 2.76 | BQ19: 3.07 | BR19: 2.76 | BS19: 14.2 | BT19: – | BU19: 14.2 | BV19: 7.17 | BW19: 6.45 | BX19: 7.17 | BY19: – | BZ19: – | CA19: 24 | CB19: 24 | CC19: 32 | CD19: – | CE19: – | CF19: – | CG19: – | CH19: – | CM19: A572 Gr. 55 | CN19: Grade 55 | CO19: 55 | CP19: 70 | CS19: =VLOOKUP(CT19,$G$3:$H$139,2,FALSE) -> L8X4X1 | CT19: 11.1 | CV19: =VLOOKUP(CW19,$G$140:$H$422,2,FALSE) -> WT7X250 | CW19: 73.5 | DB19: =VLOOKUP(DC19,$G$437:$H$464,2,FALSE) -> ST6X17.5 | DC19: 5.12 | DE19: =VLOOKUP(DF19,$G$465:$H$647,2,FALSE) -> 2L12X12X1 | DF19: 46 | DH19: W40X215 | DI19: 63.5 | DJ19: 39 | DK19: 0.65 | DL19: 52.6 | DM19: 6.45 | DN19: 964 | DO19: 859 | DQ19: W40X397 | DR19: 1800 | DS19: 32000 | DT19: W44X335 | DU19: 1620 | DV19: 335 | DW19: =VLOOKUP(DT19,$DQ$4:$DR$276,2,FALSE) -> 1620 | DX19: =VLOOKUP(DT19,$DQ$4:$DS$276,3,FALSE) -> 31100 | DZ19: W40X324 | EA19: 324 | EB19: 95.3 | EC19: 40.2 | ED19: 40 1/8 | EE19: 1 | EF19: 1 | EG19: 44928 | EH19: 15.9 | EI19: 15 7/8 | EJ19: 1.81 | EK19: 1 13/16 | EL19: 4.4 | EM19: 34.2 | EN19: 25600 | EO19: 1280 | EP19: 16.4 | EQ19: 1460 | ER19: 1220 | ES19: 153 | ET19: 3.58 | EU19: 239
B20: L | C20: L8X6X1 | D20: L8X6X1 | E20: F | F20: 44.2 | G20: 13.1 | H20: =D20 -> L8X6X1 | I20: 6 | J20: – | K20: – | L20: – | M20: – | N20: – | O20: – | P20: – | Q20: 8 | R20: – | S20: – | T20: – | U20: – | V20: – | W20: – | X20: 1 | Y20: – | Z20: – | AA20: 1.5 | AB20: 1.5 | AC20: – | AD20: 1.65 | AE20: 2.65 | AF20: – | AG20: 0.819 | AH20: 1.45 | AI20: – | AJ20: 8 | AK20: – | AL20: – | AM20: – | AN20: – | AO20: 80.9 | AP20: 27.3 | AQ20: 15.1 | AR20: 2.49 | AS20: 38.8 | AT20: 16.2 | AU20: 8.92 | AV20: 1.72 | AW20: 21.3 | AX20: 1.28 | AY20: 7.61 | AZ20: 4.34 | BA20: 16.3 | BB20: – | BC20: – | BD20: – | BE20: – | BF20: – | BG20: – | BH20: – | BI20: 3.88 | BJ20: – | BK20: 0.542 | BL20: 98.4 | BM20: 3.96 | BN20: 1.54 | BO20: 5.25 | BP20: 2.8 | BQ20: 2.71 | BR20: 1.54 | BS20: 24.8 | BT20: 63.9 | BU20: 18.7 | BV20: 7.61 | BW20: 7.86 | BX20: 13.8 | BY20: – | BZ20: – | CA20: 22 | CB20: 20 | CC20: 28 | CD20: – | CE20: – | CF20: – | CG20: – | CH20: – | CM20: A572 Gr. 60 | CN20: Grade 60 | CO20: 60 | CP20: 75 | CS20: =VLOOKUP(CT20,$G$3:$H$139,2,FALSE) -> L6X6X1 | CT20: 11 | CV20: =VLOOKUP(CW20,$G$140:$H$422,2,FALSE) -> WT18X243.5 | CW20: 71.7 | DB20: =VLOOKUP(DC20,$G$437:$H$464,2,FALSE) -> ST6X15.9 | DC20: 4.65 | DE20: =VLOOKUP(DF20,$G$465:$H$647,2,FALSE) -> 2L12X12X1 | DF20: 46 | DH20: W40X199 | DI20: 58.8 | DJ20: 38.7 | DK20: 0.65 | DL20: 52.6 | DM20: 7.39 | DN20: 869 | DO20: 770 | DQ20: W40X392 | DR20: 1710 | DS20: 29900 | DT20: W40X324 | DU20: 1460 | DV20: 324 | DW20: =VLOOKUP(DT20,$DQ$4:$DR$276,2,FALSE) -> 1460 | DX20: =VLOOKUP(DT20,$DQ$4:$DS$276,3,FALSE) -> 25600 | DZ20: W40X297 | EA20: 297 | EB20: 87.3 | EC20: 39.8 | ED20: 39 7/8 | EE20: 0.93 | EF20: 15/16 | EG20: 44928 | EH20: 15.8 | EI20: 15 7/8 | EJ20: 1.65 | EK20: 1 5/8 | EL20: 4.8 | EM20: 36.8 | EN20: 23200 | EO20: 1170 | EP20: 16.3 | EQ20: 1330 | ER20: 1090 | ES20: 138 | ET20: 3.54 | EU20: 215
B21: L | C21: L8X6X7/8 | D21: L8X6X7/8 | E21: F | F21: 39.1 | G21: 11.5 | H21: =D21 -> L8X6X7/8 | I21: 6 | J21: – | K21: – | L21: – | M21: – | N21: – | O21: – | P21: – | Q21: 8 | R21: – | S21: – | T21: – | U21: – | V21: – | W21: – | X21: 0.875 | Y21: – | Z21: – | AA21: 1.38 | AB21: 1.375 | AC21: – | AD21: 1.6 | AE21: 2.6 | AF21: – | AG21: 0.719 | AH21: 1.43 | AI21: – | AJ21: 9.14 | AK21: – | AL21: – | AM21: – | AN21: – | AO21: 72.4 | AP21: 24.3 | AQ21: 13.4 | AR21: 2.5 | AS21: 34.9 | AT21: 14.4 | AU21: 7.94 | AV21: 1.74 | AW21: 18.9 | AX21: 1.28 | AY21: 6.7 | AZ21: 2.96 | BA21: 11.3 | BB21: – | BC21: – | BD21: – | BE21: – | BF21: – | BG21: – | BH21: – | BI21: 3.92 | BJ21: – | BK21: 0.546 | BL21: 88.4 | BM21: 4.01 | BN21: 1.51 | BO21: 5.3 | BP21: 2.82 | BQ21: 2.65 | BR21: 1.57 | BS21: 22 | BT21: 58.5 | BU21: 16.7 | BV21: 6.7 | BW21: 7.13 | BX21: 12 | BY21: – | BZ21: – | CA21: 22 | CB21: 20 | CC21: 28 | CD21: – | CE21: – | CF21: – | CG21: – | CH21: – | CM21: A572 Gr. 65 | CN21: Grade 65 | CO21: 65 | CP21: 80 | CS21: =VLOOKUP(CT21,$G$3:$H$139,2,FALSE) -> L8X6X3/4 | CT21: 9.99 | CV21: =VLOOKUP(CW21,$G$140:$H$422,2,FALSE) -> WT7X227.5 | CW21: 66.9 | DB21: =VLOOKUP(DC21,$G$437:$H$464,2,FALSE) -> ST5X12.7 | DC21: 3.72 | DE21: =VLOOKUP(DF21,$G$465:$H$647,2,FALSE) -> 2L10X10X1-1/8 | DF21: 42.6 | DH21: W40X392 | DI21: 116 | DJ21: 41.6 | DK21: 1.42 | DL21: 24.1 | DM21: 2.45 | DN21: 1710 | DO21: 1440 | DQ21: W36X395 | DR21: 1710 | DS21: 28500 | DT21: W44X290 | DU21: 1410 | DV21: 290 | DW21: =VLOOKUP(DT21,$DQ$4:$DR$276,2,FALSE) -> 1410 | DX21: =VLOOKUP(DT21,$DQ$4:$DS$276,3,FALSE) -> 27000 | DZ21: W40X277 | EA21: 277 | EB21: 81.5 | EC21: 39.7 | ED21: 39 3/4 | EE21: 0.83 | EF21: 13/16 | EG21: 45123 | EH21: 15.8 | EI21: 15 7/8 | EJ21: 1.58 | EK21: 1 9/16 | EL21: 5.03 | EM21: 41.2 | EN21: 21900 | EO21: 1100 | EP21: 16.4 | EQ21: 1250 | ER21: 1040 | ES21: 132 | ET21: 3.58 | EU21: 204
B22: L | C22: L8X6X3/4 | D22: L8X6X3/4 | E22: F | F22: 33.8 | G22: 9.99 | H22: =D22 -> L8X6X3/4 | I22: 6 | J22: – | K22: – | L22: – | M22: – | N22: – | O22: – | P22: – | Q22: 8 | R22: – | S22: – | T22: – | U22: – | V22: – | W22: – | X22: 0.75 | Y22: – | Z22: – | AA22: 1.25 | AB22: 1.25 | AC22: – | AD22: 1.56 | AE22: 2.55 | AF22: – | AG22: 0.624 | AH22: 1.34 | AI22: – | AJ22: 10.7 | AK22: – | AL22: – | AM22: – | AN22: – | AO22: 63.5 | AP22: 21.1 | AQ22: 11.7 | AR22: 2.52 | AS22: 30.8 | AT22: 12.5 | AU22: 6.92 | AV22: 1.75 | AW22: 16.6 | AX22: 1.29 | AY22: 5.85 | AZ22: 1.9 | BA22: 7.28 | BB22: – | BC22: – | BD22: – | BE22: – | BF22: – | BG22: – | BH22: – | BI22: 3.95 | BJ22: – | BK22: 0.55 | BL22: 77.8 | BM22: 4.05 | BN22: 1.48 | BO22: 5.35 | BP22: 2.84 | BQ22: 2.6 | BR22: 1.59 | BS22: 19.2 | BT22: 52.6 | BU22: 14.5 | BV22: 5.85 | BW22: 6.38 | BX22: 10.4 | BY22: – | BZ22: – | CA22: 22 | CB22: 20 | CC22: 28 | CD22: – | CE22: – | CF22: – | CG22: – | CH22: – | CM22: A618 Gr. Ia, Ib, & II | CN22: Gr. Ia, Ib, & III | CO22: 50 | CP22: 70 | CS22: =VLOOKUP(CT22,$G$3:$H$139,2,FALSE) -> L8X4X7/8 | CT22: 9.79 | CV22: =VLOOKUP(CW22,$G$140:$H$422,2,FALSE) -> WT18X220.5 | CW22: 64.9 | DB22: =VLOOKUP(DC22,$G$437:$H$464,2,FALSE) -> ST4X11.5 | DC22: 3.38 | DE22: =VLOOKUP(DF22,$G$465:$H$647,2,FALSE) -> 2L10X10X1-1/8 | DF22: 42.6 | DH22: W40X331 | DI22: 97.7 | DJ22: 40.8 | DK22: 1.22 | DL22: 28 | DM22: 2.86 | DN22: 1430 | DO22: 1210 | DQ22: W40X372 | DR22: 1680 | DS22: 29600 | DT22: W44X262 | DU22: 1270 | DV22: 262 | DW22: =VLOOKUP(DT22,$DQ$4:$DR$276,2,FALSE) -> 1270 | DX22: =VLOOKUP(DT22,$DQ$4:$DS$276,3,FALSE) -> 24100 | DZ22: W40X249 | EA22: 249 | EB22: 73.5 | EC22: 39.4 | ED22: 39 3/8 | EE22: 0.75 | EF22: 44989 | EG22: 44993 | EH22: 15.8 | EI22: 15 3/4 | EJ22: 1.42 | EK22: 1 7/16 | EL22: 5.55 | EM22: 45.6 | EN22: 19600 | EO22: 993 | EP22: 16.3 | EQ22: 1120 | ER22: 926 | ES22: 118 | ET22: 3.55 | EU22: 182
B23: L | C23: L8X6X5/8 | D23: L8X6X5/8 | E23: F | F23: 28.5 | G23: 8.41 | H23: =D23 -> L8X6X5/8 | I23: 6 | J23: – | K23: – | L23: – | M23: – | N23: – | O23: – | P23: – | Q23: 8 | R23: – | S23: – | T23: – | U23: – | V23: – | W23: – | X23: 0.625 | Y23: – | Z23: – | AA23: 1.13 | AB23: 1.125 | AC23: – | AD23: 1.51 | AE23: 2.5 | AF23: – | AG23: 0.526 | AH23: 1.27 | AI23: – | AJ23: 12.8 | AK23: – | AL23: – | AM23: – | AN23: – | AO23: 54.2 | AP23: 17.9 | AQ23: 9.86 | AR23: 2.54 | AS23: 26.4 | AT23: 10.5 | AU23: 5.88 | AV23: 1.77 | AW23: 14.1 | AX23: 1.29 | AY23: 4.91 | AZ23: 1.12 | BA23: 4.33 | BB23: – | BC23: – | BD23: – | BE23: – | BF23: – | BG23: – | BH23: – | BI23: 3.98 | BJ23: – | BK23: 0.554 | BL23: 66.5 | BM23: 4.09 | BN23: 1.45 | BO23: 5.39 | BP23: 2.87 | BQ23: 2.53 | BR23: 1.62 | BS23: 16.3 | BT23: 45.9 | BU23: 12.3 | BV23: 4.91 | BW23: 5.57 | BX23: 8.7 | BY23: – | BZ23: – | CA23: 22 | CB23: 20 | CC23: 28 | CD23: – | CE23: – | CF23: – | CG23: – | CH23: – | CM23: A618 Gr. III | CN23: Gr. III | CO23: 50 | CP23: 65 | CS23: =VLOOKUP(CT23,$G$3:$H$139,2,FALSE) -> L6X6X7/8 | CT23: 9.75 | CV23: =VLOOKUP(CW23,$G$140:$H$422,2,FALSE) -> WT20X215.5 | CW23: 63.3 | DB23: =VLOOKUP(DC23,$G$437:$H$464,2,FALSE) -> ST4X9.2 | DC23: 2.7 | DE23: =VLOOKUP(DF23,$G$465:$H$647,2,FALSE) -> 2L10X10X1-1/8 | DF23: 42.6 | DH23: W40X327 | DI23: 95.9 | DJ23: 40.8 | DK23: 1.18 | DL23: 29 | DM23: 2.85 | DN23: 1410 | DO23: 1200 | DQ23: W14X730 | DR23: 1660 | DS23: 14300 | DT23: W40X249 | DU23: 1120 | DV23: 249 | DW23: =VLOOKUP(DT23,$DQ$4:$DR$276,2,FALSE) -> 1120 | DX23: =VLOOKUP(DT23,$DQ$4:$DS$276,3,FALSE) -> 19600 | DZ23: W40X215 | EA23: 215 | EB23: 63.5 | EC23: 39 | ED23: 39 | EE23: 0.65 | EF23: 45054 | EG23: 45062 | EH23: 15.8 | EI23: 15 3/4 | EJ23: 1.22 | EK23: 1 1/4 | EL23: 6.45 | EM23: 52.6 | EN23: 16700 | EO23: 859 | EP23: 16.2 | EQ23: 964 | ER23: 803 | ES23: 101 | ET23: 3.54 | EU23: 156
B24: L | C24: L8X6X9/16 | D24: L8X6X9/16 | E24: F | F24: 25.7 | G24: 7.61 | H24: =D24 -> L8X6X9/16 | I24: 6 | J24: – | K24: – | L24: – | M24: – | N24: – | O24: – | P24: – | Q24: 8 | R24: – | S24: – | T24: – | U24: – | V24: – | W24: – | X24: 0.563 | Y24: – | Z24: – | AA24: 1.06 | AB24: 1.0625 | AC24: – | AD24: 1.49 | AE24: 2.48 | AF24: – | AG24: 0.476 | AH24: 1.24 | AI24: – | AJ24: 14.2 | AK24: – | AL24: – | AM24: – | AN24: – | AO24: 49.4 | AP24: 16.2 | AQ24: 8.94 | AR24: 2.55 | AS24: 24.1 | AT24: 9.52 | AU24: 5.34 | AV24: 1.78 | AW24: 12.8 | AX24: 1.3 | AY24: 4.46 | AZ24: 0.823 | BA24: 3.2 | BB24: – | BC24: – | BD24: – | BE24: – | BF24: – | BG24: – | BH24: – | BI24: 3.99 | BJ24: – | BK24: 0.556 | BL24: 60.7 | BM24: 4.11 | BN24: 1.44 | BO24: 5.41 | BP24: 2.87 | BQ24: 2.51 | BR24: 1.62 | BS24: 14.8 | BT24: 42.2 | BU24: 11.2 | BV24: 4.46 | BW24: 5.1 | BX24: 7.9 | BY24: – | BZ24: – | CA24: 22 | CB24: 20 | CC24: 28 | CD24: – | CE24: – | CF24: – | CG24: – | CH24: – | CM24: A709 Gr. 50 | CN24: 50 | CO24: 50 | CP24: 65 | CS24: =VLOOKUP(CT24,$G$3:$H$139,2,FALSE) -> L8X8X5/8 | CT24: 9.69 | CV24: =VLOOKUP(CW24,$G$140:$H$422,2,FALSE) -> WT7X213 | CW24: 62.7 | DB24: =VLOOKUP(DC24,$G$437:$H$464,2,FALSE) -> ST3X8.6 | DC24: 2.53 | DE24: =VLOOKUP(DF24,$G$465:$H$647,2,FALSE) -> 2L10X10X1 | DF24: 38 | DH24: W40X294 | DI24: 86.2 | DJ24: 40.4 | DK24: 1.06 | DL24: 32.2 | DM24: 3.11 | DN24: 1270 | DO24: 1080 | DQ24: W40X362 | DR24: 1640 | DS24: 28900 | DT24: W44X230 | DU24: 1100 | DV24: 230 | DW24: =VLOOKUP(DT24,$DQ$4:$DR$276,2,FALSE) -> 1100 | DX24: =VLOOKUP(DT24,$DQ$4:$DS$276,3,FALSE) -> 20800 | DZ24: W40X199 | EA24: 199 | EB24: 58.8 | EC24: 38.7 | ED24: 38 5/8 | EE24: 0.65 | EF24: 45054 | EG24: 45062 | EH24: 15.8 | EI24: 15 3/4 | EJ24: 1.07 | EK24: 1 1/16 | EL24: 7.39 | EM24: 52.6 | EN24: 14900 | EO24: 770 | EP24: 16 | EQ24: 869 | ER24: 695 | ES24: 88.2 | ET24: 3.45 | EU24: 137
B25: L | C25: L8X6X1/2 | D25: L8X6X1/2 | E25: F | F25: 23 | G25: 6.8 | H25: =D25 -> L8X6X1/2 | I25: 6 | J25: – | K25: – | L25: – | M25: – | N25: – | O25: – | P25: – | Q25: 8 | R25: – | S25: – | T25: – | U25: – | V25: – | W25: – | X25: 0.5 | Y25: – | Z25: – | AA25: 1 | AB25: 1 | AC25: – | AD25: 1.46 | AE25: 2.46 | AF25: – | AG25: 0.425 | AH25: 1.2 | AI25: – | AJ25: 16 | AK25: – | AL25: – | AM25: – | AN25: – | AO25: 44.4 | AP25: 14.6 | AQ25: 8.01 | AR25: 2.55 | AS25: 21.7 | AT25: 8.52 | AU25: 4.79 | AV25: 1.79 | AW25: 11.5 | AX25: 1.3 | AY25: 3.98 | AZ25: 0.584 | BA25: 2.28 | BB25: – | BC25: – | BD25: – | BE25: – | BF25: – | BG25: – | BH25: – | BI25: 4.01 | BJ25: – | BK25: 0.557 | BL25: 54.6 | BM25: 4.14 | BN25: 1.44 | BO25: 5.43 | BP25: 2.89 | BQ25: 2.47 | BR25: 1.64 | BS25: 13.2 | BT25: 37.9 | BU25: 10.1 | BV25: 3.98 | BW25: 4.66 | BX25: 7.01 | BY25: – | BZ25: – | CA25: 22 | CB25: 20 | CC25: 28 | CD25: – | CE25: – | CF25: – | CG25: – | CH25: – | CM25: A709 Gr. 50S | CN25: 50S | CO25: 50 | CP25: 65 | CS25: =VLOOKUP(CT25,$G$3:$H$139,2,FALSE) -> L8X8X9/16 | CT25: 8.77 | CV25: =VLOOKUP(CW25,$G$140:$H$422,2,FALSE) -> WT7X199 | CW25: 58.4 | DB25: =VLOOKUP(DC25,$G$437:$H$464,2,FALSE) -> ST3X6.25 | DC25: 1.83 | DE25: =VLOOKUP(DF25,$G$465:$H$647,2,FALSE) -> 2L10X10X1 | DF25: 38 | DH25: W40X278 | DI25: 82.3 | DJ25: 40.2 | DK25: 1.03 | DL25: 33.3 | DM25: 3.31 | DN25: 1190 | DO25: 1020 | DQ25: W44X335 | DR25: 1620 | DS25: 31100 | DT25: W40X215 | DU25: 964 | DV25: 215 | DW25: =VLOOKUP(DT25,$DQ$4:$DR$276,2,FALSE) -> 964 | DX25: =VLOOKUP(DT25,$DQ$4:$DS$276,3,FALSE) -> 16700 | DZ25: W40X392 | EA25: 392 | EB25: 116 | EC25: 41.6 | ED25: 41 5/8 | EE25: 1.42 | EF25: 1 7/16 | EG25: 44989 | EH25: 12.4 | EI25: 12 3/8 | EJ25: 2.52 | EK25: 2 1/2 | EL25: 2.45 | EM25: 24.1 | EN25: 29900 | EO25: 1440 | EP25: 16.1 | EQ25: 1710 | ER25: 803 | ES25: 130 | ET25: 2.64 | EU25: 212
B26: L | C26: L8X6X7/16 | D26: L8X6X7/16 | E26: F | F26: 20.2 | G26: 5.99 | H26: =D26 -> L8X6X7/16 | I26: 6 | J26: – | K26: – | L26: – | M26: – | N26: – | O26: – | P26: – | Q26: 8 | R26: – | S26: – | T26: – | U26: – | V26: – | W26: – | X26: 0.438 | Y26: – | Z26: – | AA26: 0.938 | AB26: 0.9375 | AC26: – | AD26: 1.44 | AE26: 2.43 | AF26: – | AG26: 0.374 | AH26: 1.15 | AI26: – | AJ26: 18.3 | AK26: – | AL26: – | AM26: – | AN26: – | AO26: 39.3 | AP26: 12.9 | AQ26: 7.06 | AR26: 2.56 | AS26: 19.3 | AT26: 7.5 | AU26: 4.23 | AV26: 1.8 | AW26: 10.2 | AX26: 1.31 | AY26: 3.52 | AZ26: 0.396 | BA26: 1.55 | BB26: – | BC26: – | BD26: – | BE26: – | BF26: – | BG26: – | BH26: – | BI26: 4.02 | BJ26: – | BK26: 0.559 | BL26: 48.4 | BM26: 4.16 | BN26: 1.42 | BO26: 5.46 | BP26: 2.9 | BQ26: 2.44 | BR26: 1.65 | BS26: 11.6 | BT26: 34.1 | BU26: 8.86 | BV26: 3.52 | BW26: 4.18 | BX26: 6.18 | BY26: – | BZ26: – | CA26: 22 | CB26: 20 | CC26: 28 | CD26: – | CE26: – | CF26: – | CG26: – | CH26: – | CM26: A709 Gr. 50W | CN26: 50W | CO26: 50 | CP26: 70 | CS26: =VLOOKUP(CT26,$G$3:$H$139,2,FALSE) -> L8X4X3/4 | CT26: 8.49 | CV26: =VLOOKUP(CW26,$G$140:$H$422,2,FALSE) -> WT20X198.5 | CW26: 58.3 | DB26: =VLOOKUP(DC26,$G$437:$H$464,2,FALSE) -> ST2.5X5 | DC26: 1.46 | DE26: =VLOOKUP(DF26,$G$465:$H$647,2,FALSE) -> 2L10X10X1 | DF26: 38 | DH26: W40X264 | DI26: 77.4 | DJ26: 40 | DK26: 0.96 | DL26: 35.6 | DM26: 3.45 | DN26: 1130 | DO26: 971 | DQ26: W33X387 | DR26: 1560 | DS26: 24300 | DT26: W40X211 | DU26: 906 | DV26: 211 | DW26: =VLOOKUP(DT26,$DQ$4:$DR$276,2,FALSE) -> 906 | DX26: =VLOOKUP(DT26,$DQ$4:$DS$276,3,FALSE) -> 15500 | DZ26: W40X331 | EA26: 331 | EB26: 97.7 | EC26: 40.8 | ED26: 40 3/4 | EE26: 1.22 | EF26: 1 1/4 | EG26: 45054 | EH26: 12.2 | EI26: 12 1/8 | EJ26: 2.13 | EK26: 2 1/8 | EL26: 2.86 | EM26: 28 | EN26: 24700 | EO26: 1210 | EP26: 15.9 | EQ26: 1430 | ER26: 644 | ES26: 106 | ET26: 2.57 | EU26: 172
B27: L | C27: L8X4X1 | D27: L8X4X1 | E27: F | F27: 37.4 | G27: 11.1 | H27: =D27 -> L8X4X1 | I27: 4 | J27: – | K27: – | L27: – | M27: – | N27: – | O27: – | P27: – | Q27: 8 | R27: – | S27: – | T27: – | U27: – | V27: – | W27: – | X27: 1 | Y27: – | Z27: – | AA27: 1.5 | AB27: 1.5 | AC27: – | AD27: 1.04 | AE27: 3.03 | AF27: – | AG27: 0.694 | AH27: 2.45 | AI27: – | AJ27: 8 | AK27: – | AL27: – | AM27: – | AN27: – | AO27: 69.7 | AP27: 24.3 | AQ27: 14 | AR27: 2.51 | AS27: 11.6 | AT27: 7.73 | AU27: 3.94 | AV27: 1.03 | AW27: 7.83 | AX27: 0.844 | AY27: 3.45 | AZ27: 3.68 | BA27: 12.9 | BB27: – | BC27: – | BD27: – | BE27: – | BF27: – | BG27: – | BH27: – | BI27: 3.75 | BJ27: – | BK27: 0.247 | BL27: 73.4 | BM27: 3.17 | BN27: 2.69 | BO27: 4.95 | BP27: 2.27 | BQ27: 1.74 | BR27: 0.667 | BS27: 23.2 | BT27: 27.3 | BU27: 14.8 | BV27: 3.45 | BW27: 4.5 | BX27: 11.7 | BY27: – | BZ27: – | CA27: 20 | CB27: 16 | CC27: 24 | CD27: – | CE27: – | CF27: – | CG27: – | CH27: – | CM27: A913 Gr. 50 | CN27: 50 | CO27: 50 | CP27: 65 | CS27: =VLOOKUP(CT27,$G$3:$H$139,2,FALSE) -> L6X6X3/4 | CT27: 8.46 | CV27: =VLOOKUP(CW27,$G$140:$H$422,2,FALSE) -> WT18X197.5 | CW27: 58.1 | DB27: =VLOOKUP(DC27,$G$437:$H$464,2,FALSE) -> ST2X4.75 | DC27: 1.4 | DE27: =VLOOKUP(DF27,$G$465:$H$647,2,FALSE) -> 2L10X10X7/8 | DF27: 33.6 | DH27: W40X235 | DI27: 69.1 | DJ27: 39.7 | DK27: 0.83 | DL27: 41.2 | DM27: 3.77 | DN27: 1010 | DO27: 875 | DQ27: W36X361 | DR27: 1550 | DS27: 25700 | DT27: W40X199 | DU27: 869 | DV27: 199 | DW27: =VLOOKUP(DT27,$DQ$4:$DR$276,2,FALSE) -> 869 | DX27: =VLOOKUP(DT27,$DQ$4:$DS$276,3,FALSE) -> 14900 | DZ27: W40X327 | EA27: 327 | EB27: 95.9 | EC27: 40.8 | ED27: 40 3/4 | EE27: 1.18 | EF27: 1 3/16 | EG27: 45054 | EH27: 12.1 | EI27: 12 1/8 | EJ27: 2.13 | EK27: 2 1/8 | EL27: 2.85 | EM27: 29 | EN27: 24500 | EO27: 1200 | EP27: 16 | EQ27: 1410 | ER27: 640 | ES27: 105 | ET27: 2.58 | EU27: 170
B28: L | C28: L8X4X7/8 | D28: L8X4X7/8 | E28: F | F28: 33.1 | G28: 9.79 | H28: =D28 -> L8X4X7/8 | I28: 4 | J28: – | K28: – | L28: – | M28: – | N28: – | O28: – | P28: – | Q28: 8 | R28: – | S28: – | T28: – | U28: – | V28: – | W28: – | X28: 0.875 | Y28: – | Z28: – | AA28: 1.38 | AB28: 1.375 | AC28: – | AD28: 0.997 | AE28: 2.99 | AF28: – | AG28: 0.612 | AH28: 2.41 | AI28: – | AJ28: 9.14 | AK28: – | AL28: – | AM28: – | AN28: – | AO28: 62.6 | AP28: 21.7 | AQ28: 12.5 | AR28: 2.53 | AS28: 10.5 | AT28: 6.77 | AU28: 3.51 | AV28: 1.04 | AW28: 6.97 | AX28: 0.846 | AY28: 3.04 | AZ28: 2.51 | BA28: 8.89 | BB28: – | BC28: – | BD28: – | BE28: – | BF28: – | BG28: – | BH28: – | BI28: 3.78 | BJ28: – | BK28: 0.252 | BL28: 66.1 | BM28: 3.21 | BN28: 2.66 | BO28: 4.99 | BP28: 2.29 | BQ28: 1.7 | BR28: 0.681 | BS28: 20.6 | BT28: 24.8 | BU28: 13.2 | BV28: 3.04 | BW28: 4.1 | BX28: 10.2 | BY28: – | BZ28: – | CA28: 20 | CB28: 16 | CC28: 24 | CD28: – | CE28: – | CF28: – | CG28: – | CH28: – | CM28: A913 Gr. 60 | CN28: 60 | CO28: 60 | CP28: 75 | CS28: =VLOOKUP(CT28,$G$3:$H$139,2,FALSE) -> L8X6X5/8 | CT28: 8.41 | CV28: =VLOOKUP(CW28,$G$140:$H$422,2,FALSE) -> WT20X196 | CW28: 57.8 | DB28: =VLOOKUP(DC28,$G$437:$H$464,2,FALSE) -> ST2X3.85 | DC28: 1.13 | DE28: =VLOOKUP(DF28,$G$465:$H$647,2,FALSE) -> 2L10X10X7/8 | DF28: 33.6 | DH28: W40X211 | DI28: 62.1 | DJ28: 39.4 | DK28: 0.75 | DL28: 45.6 | DM28: 4.17 | DN28: 906 | DO28: 786 | DQ28: W14X665 | DR28: 1480 | DS28: 12400 | DT28: W40X183 | DU28: 774 | DV28: 183 | DW28: =VLOOKUP(DT28,$DQ$4:$DR$276,2,FALSE) -> 774 | DX28: =VLOOKUP(DT28,$DQ$4:$DS$276,3,FALSE) -> 13200 | DZ28: W40X294 | EA28: 294 | EB28: 86.2 | EC28: 40.4 | ED28: 40 3/8 | EE28: 1.06 | EF28: 1 1/16 | EG28: 45185 | EH28: 12 | EI28: 12 | EJ28: 1.93 | EK28: 1 15/16 | EL28: 3.11 | EM28: 32.2 | EN28: 21900 | EO28: 1080 | EP28: 15.9 | EQ28: 1270 | ER28: 562 | ES28: 93.5 | ET28: 2.55 | EU28: 150
B29: L | C29: L8X4X3/4 | D29: L8X4X3/4 | E29: F | F29: 28.7 | G29: 8.49 | H29: =D29 -> L8X4X3/4 | I29: 4 | J29: – | K29: – | L29: – | M29: – | N29: – | O29: – | P29: – | Q29: 8 | R29: – | S29: – | T29: – | U29: – | V29: – | W29: – | X29: 0.75 | Y29: – | Z29: – | AA29: 1.25 | AB29: 1.25 | AC29: – | AD29: 0.949 | AE29: 2.94 | AF29: – | AG29: 0.531 | AH29: 2.34 | AI29: – | AJ29: 10.7 | AK29: – | AL29: – | AM29: – | AN29: – | AO29: 55 | AP29: 18.9 | AQ29: 10.9 | AR29: 2.55 | AS29: 9.37 | AT29: 5.82 | AU29: 3.07 | AV29: 1.05 | AW29: 6.14 | AX29: 0.85 | AY29: 2.65 | AZ29: 1.61 | BA29: 5.75 | BB29: – | BC29: – | BD29: – | BE29: – | BF29: – | BG29: – | BH29: – | BI29: 3.8 | BJ29: – | BK29: 0.257 | BL29: 58.2 | BM29: 3.24 | BN29: 2.61 | BO29: 5.04 | BP29: 2.32 | BQ29: 1.65 | BR29: 0.704 | BS29: 18 | BT29: 22.3 | BU29: 11.5 | BV29: 2.65 | BW29: 3.72 | BX29: 8.72 | BY29: – | BZ29: – | CA29: 20 | CB29: 16 | CC29: 24 | CD29: – | CE29: – | CF29: – | CG29: – | CH29: – | CM29: A913 Gr. 65 | CN29: 65 | CO29: 65 | CP29: 80 | CS29: =VLOOKUP(CT29,$G$3:$H$139,2,FALSE) -> L6X4X7/8 | CT29: 8 | CV29: =VLOOKUP(CW29,$G$140:$H$422,2,FALSE) -> WT15X195.5 | CW29: 57.6 | DB29: =VLOOKUP(DC29,$G$437:$H$464,2,FALSE) -> ST1.5X3.75 | DC29: 1.1 | DE29: =VLOOKUP(DF29,$G$465:$H$647,2,FALSE) -> 2L10X10X7/8 | DF29: 33.6 | DH29: W40X183 | DI29: 53.3 | DJ29: 39 | DK29: 0.65 | DL29: 52.6 | DM29: 4.92 | DN29: 774 | DO29: 675 | DQ29: W40X324 | DR29: 1460 | DS29: 25600 | DT29: W36X182 | DU29: 718 | DV29: 182 | DW29: 718 | DX29: 11300 | DZ29: W40X278 | EA29: 278 | EB29: 82.3 | EC29: 40.2 | ED29: 40 1/8 | EE29: 1.03 | EF29: 1 | EG29: 44928 | EH29: 12 | EI29: 12 | EJ29: 1.81 | EK29: 1 13/16 | EL29: 3.31 | EM29: 33.3 | EN29: 20500 | EO29: 1020 | EP29: 15.8 | EQ29: 1190 | ER29: 521 | ES29: 87.1 | ET29: 2.52 | EU29: 140
B30: L | C30: L8X4X5/8 | D30: L8X4X5/8 | E30: F | F30: 24.2 | G30: 7.16 | H30: =D30 -> L8X4X5/8 | I30: 4 | J30: – | K30: – | L30: – | M30: – | N30: – | O30: – | P30: – | Q30: 8 | R30: – | S30: – | T30: – | U30: – | V30: – | W30: – | X30: 0.625 | Y30: – | Z30: – | AA30: 1.13 | AB30: 1.125 | AC30: – | AD30: 0.902 | AE30: 2.89 | AF30: – | AG30: 0.448 | AH30: 2.27 | AI30: – | AJ30: 12.8 | AK30: – | AL30: – | AM30: – | AN30: – | AO30: 47 | AP30: 16.1 | AQ30: 9.2 | AR30: 2.56 | AS30: 8.11 | AT30: 4.86 | AU30: 2.62 | AV30: 1.06 | AW30: 5.24 | AX30: 0.856 | AY30: 2.24 | AZ30: 0.955 | BA30: 3.42 | BB30: – | BC30: – | BD30: – | BE30: – | BF30: – | BG30: – | BH30: – | BI30: 3.83 | BJ30: – | BK30: 0.262 | BL30: 49.9 | BM30: 3.28 | BN30: 2.57 | BO30: 5.09 | BP30: 2.34 | BQ30: 1.61 | BR30: 0.725 | BS30: 15.2 | BT30: 19.4 | BU30: 9.8 | BV30: 2.24 | BW30: 3.25 | BX30: 7.23 | BY30: – | BZ30: – | CA30: 20 | CB30: 16 | CC30: 24 | CD30: – | CE30: – | CF30: – | CG30: – | CH30: – | CM30: A913 Gr. 70 | CN30: 70 | CO30: 70 | CP30: 90 | CS30: =VLOOKUP(CT30,$G$3:$H$139,2,FALSE) -> L6X4X7/8 | CT30: 8 | CV30: =VLOOKUP(CW30,$G$140:$H$422,2,FALSE) -> WT16.5X193.5 | CW30: 57 | DB30: =VLOOKUP(DC30,$G$437:$H$464,2,FALSE) -> ST1.5X2.85 | DC30: 0.83 | DE30: =VLOOKUP(DF30,$G$465:$H$647,2,FALSE) -> 2L10X10X7/8 | DF30: 33.6 | DH30: W40X167 | DI30: 49.3 | DJ30: 38.6 | DK30: 0.65 | DL30: 52.6 | DM30: 5.76 | DN30: 693 | DO30: 600 | DQ30: W30X391 | DR30: 1450 | DS30: 20700 | DT30: W40X167 | DU30: 693 | DV30: 167 | DW30: =VLOOKUP(DT30,$DQ$4:$DR$276,2,FALSE) -> 693 | DX30: =VLOOKUP(DT30,$DQ$4:$DS$276,3,FALSE) -> 11600 | DZ30: W40X264 | EA30: 264 | EB30: 77.4 | EC30: 40 | ED30: 40 | EE30: 0.96 | EF30: 15/16 | EG30: 44928 | EH30: 11.9 | EI30: 11 7/8 | EJ30: 1.73 | EK30: 1 3/4 | EL30: 3.45 | EM30: 35.6 | EN30: 19400 | EO30: 971 | EP30: 15.8 | EQ30: 1130 | ER30: 493 | ES30: 82.6 | ET30: 2.52 | EU30: 132
B31: L | C31: L8X4X9/16 | D31: L8X4X9/16 | E31: F | F31: 21.9 | G31: 6.49 | H31: =D31 -> L8X4X9/16 | I31: 4 | J31: – | K31: – | L31: – | M31: – | N31: – | O31: – | P31: – | Q31: 8 | R31: – | S31: – | T31: – | U31: – | V31: – | W31: – | X31: 0.563 | Y31: – | Z31: – | AA31: 1.06 | AB31: 1.0625 | AC31: – | AD31: 0.878 | AE31: 2.86 | AF31: – | AG31: 0.406 | AH31: 2.23 | AI31: – | AJ31: 14.2 | AK31: – | AL31: – | AM31: – | AN31: – | AO31: 42.9 | AP31: 14.6 | AQ31: 8.34 | AR31: 2.57 | AS31: 7.44 | AT31: 4.39 | AU31: 2.38 | AV31: 1.07 | AW31: 4.78 | AX31: 0.859 | AY31: 2.03 | AZ31: 0.704 | BA31: 2.53 | BB31: – | BC31: – | BD31: – | BE31: – | BF31: – | BG31: – | BH31: – | BI31: 3.84 | BJ31: – | BK31: 0.264 | BL31: 45.6 | BM31: 3.29 | BN31: 2.54 | BO31: 5.12 | BP31: 2.36 | BQ31: 1.58 | BR31: 0.736 | BS31: 13.9 | BT31: 18 | BU31: 8.91 | BV31: 2.03 | BW31: 3.03 | BX31: 6.49 | BY31: – | BZ31: – | CA31: 20 | CB31: 16 | CC31: 24 | CD31: – | CE31: – | CF31: – | CG31: – | CH31: – | CM31: A992 | CO31: 50 | CP31: 65 | CS31: =VLOOKUP(CT31,$G$3:$H$139,2,FALSE) -> L8X8X1/2 | CT31: 7.84 | CV31: =VLOOKUP(CW31,$G$140:$H$422,2,FALSE) -> WT20X186 | CW31: 54.7 | DE31: =VLOOKUP(DF31,$G$465:$H$647,2,FALSE) -> 2L10X10X7/8 | DF31: 33.6 | DH31: W40X149 | DI31: 43.8 | DJ31: 38.2 | DK31: 0.63 | DL31: 54.3 | DM31: 7.11 | DN31: 598 | DO31: 513 | DQ31: W40X331 | DR31: 1430 | DS31: 24700 | DT31: W36X160 | DU31: 624 | DV31: 160 | DW31: =VLOOKUP(DT31,$DQ$4:$DR$276,2,FALSE) -> 624 | DX31: =VLOOKUP(DT31,$DQ$4:$DS$276,3,FALSE) -> 9760 | DZ31: W40X235 | EA31: 235 | EB31: 69.1 | EC31: 39.7 | ED31: 39 3/4 | EE31: 0.83 | EF31: 13/16 | EG31: 45123 | EH31: 11.9 | EI31: 11 7/8 | EJ31: 1.58 | EK31: 1 9/16 | EL31: 3.77 | EM31: 41.2 | EN31: 17400 | EO31: 875 | EP31: 15.9 | EQ31: 1010 | ER31: 444 | ES31: 74.6 | ET31: 2.54 | EU31: 118
B32: L | C32: L8X4X1/2 | D32: L8X4X1/2 | E32: F | F32: 19.6 | G32: 5.8 | H32: =D32 -> L8X4X1/2 | I32: 4 | J32: – | K32: – | L32: – | M32: – | N32: – | O32: – | P32: – | Q32: 8 | R32: – | S32: – | T32: – | U32: – | V32: – | W32: – | X32: 0.5 | Y32: – | Z32: – | AA32: 1 | AB32: 1 | AC32: – | AD32: 0.854 | AE32: 2.84 | AF32: – | AG32: 0.363 | AH32: 2.2 | AI32: – | AJ32: 16 | AK32: – | AL32: – | AM32: – | AN32: – | AO32: 38.6 | AP32: 13.1 | AQ32: 7.48 | AR32: 2.58 | AS32: 6.75 | AT32: 3.91 | AU32: 2.15 | AV32: 1.08 | AW32: 4.32 | AX32: 0.863 | AY32: 1.82 | AZ32: 0.501 | BA32: 1.8 | BB32: – | BC32: – | BD32: – | BE32: – | BF32: – | BG32: – | BH32: – | BI32: 3.86 | BJ32: – | BK32: 0.266 | BL32: 41 | BM32: 3.31 | BN32: 2.52 | BO32: 5.14 | BP32: 2.37 | BQ32: 1.56 | BR32: 0.744 | BS32: 12.4 | BT32: 16.3 | BU32: 7.98 | BV32: 1.82 | BW32: 2.77 | BX32: 5.81 | BY32: – | BZ32: – | CA32: 20 | CB32: 16 | CC32: 24 | CD32: – | CE32: – | CF32: – | CG32: – | CH32: – | CM32: A1065 Gr. 50 | CN32: Gr. 50 | CO32: 50 | CP32: 60 | CS32: =VLOOKUP(CT32,$G$3:$H$139,2,FALSE) -> L7X4X3/4 | CT32: 7.74 | CV32: =VLOOKUP(CW32,$G$140:$H$422,2,FALSE) -> WT12X185 | CW32: 54.5 | DE32: =VLOOKUP(DF32,$G$465:$H$647,2,FALSE) -> 2L10X10X7/8 | DF32: 33.6 | DH32: W36X925 | DI32: 272 | DJ32: 43.1 | DK32: 3.02 | DL32: 10.8 | DM32: 2.05 | DN32: 4130 | DO32: 3390 | DQ32: W33X354 | DR32: 1420 | DS32: 22000 | DT32: W40X149 | DU32: 598 | DV32: 149 | DW32: =VLOOKUP(DT32,$DQ$4:$DR$276,2,FALSE) -> 598 | DX32: =VLOOKUP(DT32,$DQ$4:$DS$276,3,FALSE) -> 9800 | DZ32: W40X211 | EA32: 211 | EB32: 62.1 | EC32: 39.4 | ED32: 39 3/8 | EE32: 0.75 | EF32: 44989 | EG32: 44993 | EH32: 11.8 | EI32: 11 3/4 | EJ32: 1.42 | EK32: 1 7/16 | EL32: 4.17 | EM32: 45.6 | EN32: 15500 | EO32: 786 | EP32: 15.8 | EQ32: 906 | ER32: 390 | ES32: 66.1 | ET32: 2.51 | EU32: 105
B33: L | C33: L8X4X7/16 | D33: L8X4X7/16 | E33: F | F33: 17.2 | G33: 5.11 | H33: =D33 -> L8X4X7/16 | I33: 4 | J33: – | K33: – | L33: – | M33: – | N33: – | O33: – | P33: – | Q33: 8 | R33: – | S33: – | T33: – | U33: – | V33: – | W33: – | X33: 0.438 | Y33: – | Z33: – | AA33: 0.938 | AB33: 0.9375 | AC33: – | AD33: 0.829 | AE33: 2.81 | AF33: – | AG33: 0.319 | AH33: 2.16 | AI33: – | AJ33: 18.3 | AK33: – | AL33: – | AM33: – | AN33: – | AO33: 34.2 | AP33: 11.6 | AQ33: 6.59 | AR33: 2.59 | AS33: 6.03 | AT33: 3.42 | AU33: 1.9 | AV33: 1.09 | AW33: 3.84 | AX33: 0.867 | AY33: 1.61 | AZ33: 0.34 | BA33: 1.22 | BB33: – | BC33: – | BD33: – | BE33: – | BF33: – | BG33: – | BH33: – | BI33: 3.87 | BJ33: – | BK33: 0.268 | BL33: 36.4 | BM33: 3.33 | BN33: 2.5 | BO33: 5.17 | BP33: 2.39 | BQ33: 1.53 | BR33: 0.758 | BS33: 10.9 | BT33: 14.6 | BU33: 7.04 | BV33: 1.61 | BW33: 2.51 | BX33: 5.07 | BY33: – | BZ33: – | CA33: 20 | CB33: 16 | CC33: 24 | CD33: – | CE33: – | CF33: – | CG33: – | CH33: – | CM33: A588 | CO33: 50 | CP33: 70 | CS33: =VLOOKUP(CT33,$G$3:$H$139,2,FALSE) -> L8X6X9/16 | CT33: 7.61 | CV33: =VLOOKUP(CW33,$G$140:$H$422,2,FALSE) -> WT7X185 | CW33: 54.4 | DE33: =VLOOKUP(DF33,$G$465:$H$647,2,FALSE) -> 2L8X8X1 | DF33: 30.2 | DH33: W36X853 | DI33: 251 | DJ33: 43.1 | DK33: 2.52 | DL33: 12.9 | DM33: 2.01 | DN33: 3920 | DO33: 3250 | DQ33: W44X290 | DR33: 1410 | DS33: 27000 | DT33: W33X141 | DU33: 514 | DV33: 141 | DW33: =VLOOKUP(DT33,$DQ$4:$DR$276,2,FALSE) -> 514 | DX33: =VLOOKUP(DT33,$DQ$4:$DS$276,3,FALSE) -> 7450 | DZ33: W40X183 | EA33: 183 | EB33: 53.3 | EC33: 39 | ED33: 39 | EE33: 0.65 | EF33: 45054 | EG33: 45062 | EH33: 11.8 | EI33: 11 3/4 | EJ33: 1.2 | EK33: 1 3/16 | EL33: 4.92 | EM33: 52.6 | EN33: 13200 | EO33: 675 | EP33: 15.7 | EQ33: 774 | ER33: 331 | ES33: 56 | ET33: 2.49 | EU33: 88.3
B34: L | C34: L7X4X3/4 | D34: L7X4X3/4 | E34: F | F34: 26.2 | G34: 7.74 | H34: =D34 -> L7X4X3/4 | I34: 4 | J34: – | K34: – | L34: – | M34: – | N34: – | O34: – | P34: – | Q34: 7 | R34: – | S34: – | T34: – | U34: – | V34: – | W34: – | X34: 0.75 | Y34: – | Z34: – | AA34: 1.25 | AB34: 1.25 | AC34: – | AD34: 1 | AE34: 2.5 | AF34: – | AG34: 0.553 | AH34: 1.84 | AI34: – | AJ34: 9.33 | AK34: – | AL34: – | AM34: – | AN34: – | AO34: 37.8 | AP34: 14.8 | AQ34: 8.39 | AR34: 2.21 | AS34: 9 | AT34: 5.6 | AU34: 3.01 | AV34: 1.08 | AW34: 5.63 | AX34: 0.855 | AY34: 2.56 | AZ34: 1.47 | BA34: 3.97 | BB34: – | BC34: – | BD34: – | BE34: – | BF34: – | BG34: – | BH34: – | BI34: 3.31 | BJ34: – | BK34: 0.324 | BL34: 41.2 | BM34: 2.95 | BN34: 2.07 | BO34: 4.47 | BP34: 2.2 | BQ34: 1.72 | BR34: 0.79 | BS34: 14 | BT34: 19.9 | BU34: 9.22 | BV34: 2.56 | BW34: 3.27 | BX34: 7.13 | BY34: – | BZ34: – | CA34: 18 | CB34: 15 | CC34: 22 | CD34: – | CE34: – | CF34: – | CG34: – | CH34: – | CM34: A874 | CO34: 50 | CP34: 60 | CS34: =VLOOKUP(CT34,$G$3:$H$139,2,FALSE) -> L8X4X5/8 | CT34: 7.16 | CV34: =VLOOKUP(CW34,$G$140:$H$422,2,FALSE) -> WT13.5X184 | CW34: 54.2 | DE34: =VLOOKUP(DF34,$G$465:$H$647,2,FALSE) -> 2L8X8X1 | DF34: 30.2 | DH34: W36X802 | DI34: 236 | DJ34: 42.6 | DK34: 2.38 | DL34: 13.7 | DM34: 2.1 | DN34: 3660 | DO34: 3040 | DQ34: W40X327 | DR34: 1410 | DS34: 24500 | DT34: W36X135 | DU34: 509 | DV34: 135 | DW34: =VLOOKUP(DT34,$DQ$4:$DR$276,2,FALSE) -> 509 | DX34: =VLOOKUP(DT34,$DQ$4:$DS$276,3,FALSE) -> 7800 | DZ34: W40X167 | EA34: 167 | EB34: 49.3 | EC34: 38.6 | ED34: 38 5/8 | EE34: 0.65 | EF34: 45054 | EG34: 45062 | EH34: 11.8 | EI34: 11 3/4 | EJ34: 1.03 | EK34: 1 | EL34: 5.76 | EM34: 52.6 | EN34: 11600 | EO34: 600 | EP34: 15.3 | EQ34: 693 | ER34: 283 | ES34: 47.9 | ET34: 2.4 | EU34: 76
B35: L | C35: L7X4X5/8 | D35: L7X4X5/8 | E35: F | F35: 22.1 | G35: 6.5 | H35: =D35 -> L7X4X5/8 | I35: 4 | J35: – | K35: – | L35: – | M35: – | N35: – | O35: – | P35: – | Q35: 7 | R35: – | S35: – | T35: – | U35: – | V35: – | W35: – | X35: 0.625 | Y35: – | Z35: – | AA35: 1.13 | AB35: 1.125 | AC35: – | AD35: 0.958 | AE35: 2.45 | AF35: – | AG35: 0.464 | AH35: 1.8 | AI35: – | AJ35: 11.2 | AK35: – | AL35: – | AM35: – | AN35: – | AO35: 32.4 | AP35: 12.5 | AQ35: 7.12 | AR35: 2.23 | AS35: 7.79 | AT35: 4.69 | AU35: 2.56 | AV35: 1.1 | AW35: 4.81 | AX35: 0.86 | AY35: 2.17 | AZ35: 0.868 | BA35: 2.37 | BB35: – | BC35: – | BD35: – | BE35: – | BF35: – | BG35: – | BH35: – | BI35: 3.34 | BJ35: – | BK35: 0.329 | BL35: 35.4 | BM35: 2.98 | BN35: 2.03 | BO35: 4.52 | BP35: 2.22 | BQ35: 1.68 | BR35: 0.808 | BS35: 11.9 | BT35: 17.4 | BU35: 7.83 | BV35: 2.17 | BW35: 2.86 | BX35: 5.95 | BY35: – | BZ35: – | CA35: 18 | CB35: 15 | CC35: 22 | CD35: – | CE35: – | CF35: – | CG35: – | CH35: – | CM35: A1065 Gr. 50W | CN35: Gr. 50W | CO35: 50 | CP35: 70 | CS35: =VLOOKUP(CT35,$G$3:$H$139,2,FALSE) -> L6X6X5/8 | CT35: 7.13 | CV35: =VLOOKUP(CW35,$G$140:$H$422,2,FALSE) -> WT20X181 | CW35: 53.2 | DE35: =VLOOKUP(DF35,$G$465:$H$647,2,FALSE) -> 2L8X8X1 | DF35: 30.2 | DH35: W36X723 | DI35: 213 | DJ35: 41.8 | DK35: 2.17 | DL35: 15 | DM35: 2.28 | DN35: 3270 | DO35: 2740 | DQ35: W36X330 | DR35: 1410 | DS35: 23300 | DT35: W33X130 | DU35: 467 | DV35: 130 | DW35: =VLOOKUP(DT35,$DQ$4:$DR$276,2,FALSE) -> 467 | DX35: =VLOOKUP(DT35,$DQ$4:$DS$276,3,FALSE) -> 6710 | DZ35: W40X149 | EA35: 149 | EB35: 43.8 | EC35: 38.2 | ED35: 38 1/4 | EE35: 0.63 | EF35: 45054 | EG35: 45062 | EH35: 11.8 | EI35: 11 3/4 | EJ35: 0.83 | EK35: 13/16 | EL35: 7.11 | EM35: 54.3 | EN35: 9800 | EO35: 513 | EP35: 15 | EQ35: 598 | ER35: 229 | ES35: 38.8 | ET35: 2.29 | EU35: 62.2
B36: L | C36: L7X4X1/2 | D36: L7X4X1/2 | E36: F | F36: 17.9 | G36: 5.26 | H36: =D36 -> L7X4X1/2 | I36: 4 | J36: – | K36: – | L36: – | M36: – | N36: – | O36: – | P36: – | Q36: 7 | R36: – | S36: – | T36: – | U36: – | V36: – | W36: – | X36: 0.5 | Y36: – | Z36: – | AA36: 1 | AB36: 1 | AC36: – | AD36: 0.91 | AE36: 2.4 | AF36: – | AG36: 0.376 | AH36: 1.74 | AI36: – | AJ36: 14 | AK36: – | AL36: – | AM36: – | AN36: – | AO36: 26.6 | AP36: 10.2 | AQ36: 5.79 | AR36: 2.25 | AS36: 6.48 | AT36: 3.77 | AU36: 2.1 | AV36: 1.11 | AW36: 3.94 | AX36: 0.866 | AY36: 1.75 | AZ36: 0.456 | BA36: 1.25 | BB36: – | BC36: – | BD36: – | BE36: – | BF36: – | BG36: – | BH36: – | BI36: 3.37 | BJ36: – | BK36: 0.334 | BL36: 29.1 | BM36: 3.02 | BN36: 1.99 | BO36: 4.57 | BP36: 2.25 | BQ36: 1.62 | BR36: 0.834 | BS36: 9.64 | BT36: 14.6 | BU36: 6.37 | BV36: 1.75 | BW36: 2.43 | BX36: 4.72 | BY36: – | BZ36: – | CA36: 18 | CB36: 15 | CC36: 22 | CD36: – | CE36: – | CF36: – | CG36: – | CH36: – | CM36: A514 Gr. 100 | CN36: Gr. 50W | CO36: 100 | CP36: NA | CS36: =VLOOKUP(CT36,$G$3:$H$139,2,FALSE) -> L5X5X3/4 | CT36: 6.98 | CV36: =VLOOKUP(CW36,$G$140:$H$422,2,FALSE) -> WT18X180.5 | CW36: 53 | DE36: =VLOOKUP(DF36,$G$465:$H$647,2,FALSE) -> 2L10X10X3/4 | DF36: 29 | DH36: W36X652 | DI36: 192 | DJ36: 41.1 | DK36: 1.97 | DL36: 16.3 | DM36: 2.48 | DN36: 2910 | DO36: 2460 | DQ36: W40X297 | DR36: 1330 | DS36: 23200 | DT36: W33X118 | DU36: 415 | DV36: 118 | DW36: =VLOOKUP(DT36,$DQ$4:$DR$276,2,FALSE) -> 415 | DX36: =VLOOKUP(DT36,$DQ$4:$DS$276,3,FALSE) -> 5900 | DZ36: W36X925 | EA36: 925 | EB36: 272 | EC36: 43.1 | ED36: 43 1/8 | EE36: 3.02 | EF36: 3 | EG36: 1 1/2 | EH36: 18.6 | EI36: 18 5/8 | EJ36: 4.53 | EK36: 4 1/2 | EL36: 2.05 | EM36: 10.8 | EN36: 73000 | EO36: 3390 | EP36: 16.4 | EQ36: 4130 | ER36: 4940 | ES36: 531 | ET36: 4.26 | EU36: 862
B37: L | C37: L7X4X7/16 | D37: L7X4X7/16 | E37: F | F37: 15.7 | G37: 4.63 | H37: =D37 -> L7X4X7/16 | I37: 4 | J37: – | K37: – | L37: – | M37: – | N37: – | O37: – | P37: – | Q37: 7 | R37: – | S37: – | T37: – | U37: – | V37: – | W37: – | X37: 0.438 | Y37: – | Z37: – | AA37: 0.938 | AB37: 0.9375 | AC37: – | AD37: 0.886 | AE37: 2.38 | AF37: – | AG37: 0.331 | AH37: 1.71 | AI37: – | AJ37: 16 | AK37: – | AL37: – | AM37: – | AN37: – | AO37: 23.6 | AP37: 9.03 | AQ37: 5.11 | AR37: 2.26 | AS37: 5.79 | AT37: 3.31 | AU37: 1.86 | AV37: 1.12 | AW37: 3.5 | AX37: 0.869 | AY37: 1.55 | AZ37: 0.31 | BA37: 0.851 | BB37: – | BC37: – | BD37: – | BE37: – | BF37: – | BG37: – | BH37: – | BI37: 3.38 | BJ37: – | BK37: 0.337 | BL37: 25.9 | BM37: 3.04 | BN37: 1.97 | BO37: 4.59 | BP37: 2.26 | BQ37: 1.6 | BR37: 0.846 | BS37: 8.52 | BT37: 13.1 | BU37: 5.64 | BV37: 1.55 | BW37: 2.19 | BX37: 4.14 | BY37: – | BZ37: – | CA37: 18 | CB37: 15 | CC37: 22 | CD37: – | CE37: – | CF37: – | CG37: – | CH37: – | CS37: =VLOOKUP(CT37,$G$3:$H$139,2,FALSE) -> L6X4X3/4 | CT37: 6.94 | CV37: =VLOOKUP(CW37,$G$140:$H$422,2,FALSE) -> WT15X178.5 | CW37: 52.5 | DE37: =VLOOKUP(DF37,$G$465:$H$647,2,FALSE) -> 2L10X10X3/4 | DF37: 29 | DH37: W36X529 | DI37: 156 | DJ37: 39.8 | DK37: 1.61 | DL37: 19.9 | DM37: 2.96 | DN37: 2330 | DO37: 1990 | DQ37: W30X357 | DR37: 1320 | DS37: 18700 | DT37: W30X116 | DU37: 378 | DV37: 116 | DW37: =VLOOKUP(DT37,$DQ$4:$DR$276,2,FALSE) -> 378 | DX37: =VLOOKUP(DT37,$DQ$4:$DS$276,3,FALSE) -> 4930 | DZ37: W36X853 | EA37: 853 | EB37: 251 | EC37: 43.1 | ED37: 43 1/8 | EE37: 2.52 | EF37: 2 1/2 | EG37: 1 1/4 | EH37: 18.2 | EI37: 18 1/4 | EJ37: 4.53 | EK37: 4 1/2 | EL37: 2.01 | EM37: 12.9 | EN37: 70000 | EO37: 3250 | EP37: 16.7 | EQ37: 3920 | ER37: 4600 | ES37: 505 | ET37: 4.28 | EU37: 805
B38: L | C38: L7X4X3/8 | D38: L7X4X3/8 | E38: F | F38: 13.6 | G38: 4 | H38: =D38 -> L7X4X3/8 | I38: 4 | J38: – | K38: – | L38: – | M38: – | N38: – | O38: – | P38: – | Q38: 7 | R38: – | S38: – | T38: – | U38: – | V38: – | W38: – | X38: 0.375 | Y38: – | Z38: – | AA38: 0.875 | AB38: 0.875 | AC38: – | AD38: 0.861 | AE38: 2.35 | AF38: – | AG38: 0.286 | AH38: 1.67 | AI38: – | AJ38: 18.7 | AK38: – | AL38: – | AM38: – | AN38: – | AO38: 20.5 | AP38: 7.81 | AQ38: 4.42 | AR38: 2.27 | AS38: 5.06 | AT38: 2.84 | AU38: 1.61 | AV38: 1.12 | AW38: 3.04 | AX38: 0.873 | AY38: 1.33 | AZ38: 0.198 | BA38: 0.544 | BB38: – | BC38: – | BD38: – | BE38: – | BF38: – | BG38: – | BH38: – | BI38: 3.4 | BJ38: – | BK38: 0.339 | BL38: 22.5 | BM38: 3.06 | BN38: 1.95 | BO38: 4.62 | BP38: 2.28 | BQ38: 1.57 | BR38: 0.859 | BS38: 7.35 | BT38: 11.5 | BU38: 4.87 | BV38: 1.33 | BW38: 1.94 | BX38: 3.54 | BY38: – | BZ38: – | CA38: 18 | CB38: 15 | CC38: 22 | CD38: – | CE38: – | CF38: – | CG38: – | CH38: – | CS38: =VLOOKUP(CT38,$G$3:$H$139,2,FALSE) -> L8X6X1/2 | CT38: 6.8 | CV38: =VLOOKUP(CW38,$G$140:$H$422,2,FALSE) -> WT16.5X177 | CW38: 52.1 | DE38: =VLOOKUP(DF38,$G$465:$H$647,2,FALSE) -> 2L10X10X3/4 | DF38: 29 | DH38: W36X487 | DI38: 143 | DJ38: 39.3 | DK38: 1.5 | DL38: 21.4 | DM38: 3.19 | DN38: 2130 | DO38: 1830 | DQ38: W14X605 | DR38: 1320 | DS38: 10800 | DT38: W30X108 | DU38: 346 | DV38: 108 | DW38: =VLOOKUP(DT38,$DQ$4:$DR$276,2,FALSE) -> 346 | DX38: =VLOOKUP(DT38,$DQ$4:$DS$276,3,FALSE) -> 4470 | DZ38: W36X802 | EA38: 802 | EB38: 236 | EC38: 42.6 | ED38: 42 5/8 | EE38: 2.38 | EF38: 2 3/8 | EG38: 1 3/16 | EH38: 18 | EI38: 18 | EJ38: 4.29 | EK38: 4 5/16 | EL38: 2.1 | EM38: 13.7 | EN38: 64800 | EO38: 3040 | EP38: 16.6 | EQ38: 3660 | ER38: 4210 | ES38: 468 | ET38: 4.22 | EU38: 744
B39: L | C39: L6X6X1 | D39: L6X6X1 | E39: F | F39: 37.4 | G39: 11 | H39: =D39 -> L6X6X1 | I39: 6 | J39: – | K39: – | L39: – | M39: – | N39: – | O39: – | P39: – | Q39: 6 | R39: – | S39: – | T39: – | U39: – | V39: – | W39: – | X39: 1 | Y39: – | Z39: – | AA39: 1.5 | AB39: 1.5 | AC39: – | AD39: 1.86 | AE39: 1.86 | AF39: – | AG39: 0.917 | AH39: 0.917 | AI39: – | AJ39: 6 | AK39: – | AL39: – | AM39: – | AN39: – | AO39: 35.4 | AP39: 15.4 | AQ39: 8.55 | AR39: 1.79 | AS39: 35.4 | AT39: 15.4 | AU39: 8.55 | AV39: 1.79 | AW39: 14.9 | AX39: 1.17 | AY39: 5.67 | AZ39: 3.68 | BA39: 9.24 | BB39: – | BC39: – | BD39: – | BE39: – | BF39: – | BG39: – | BH39: – | BI39: 3.18 | BJ39: 0.64 | BK39: 1 | BL39: 55.8 | BM39: 3.89 | BN39: 0 | BO39: 3.89 | BP39: 1.97 | BQ39: 2.63 | BR39: 1.97 | BS39: 14.3 | BT39: – | BU39: 14.3 | BV39: 7.56 | BW39: 5.67 | BX39: 7.56 | BY39: – | BZ39: – | CA39: 18 | CB39: 18 | CC39: 24 | CD39: – | CE39: – | CF39: – | CG39: – | CH39: – | CL39: Reduction Factor (Ubs) | CP39: Design Philosophy | CS39: =VLOOKUP(CT39,$G$3:$H$139,2,FALSE) -> L7X4X5/8 | CT39: 6.5 | CV39: =VLOOKUP(CW39,$G$140:$H$422,2,FALSE) -> WT7X171 | CW39: 50.3 | DE39: =VLOOKUP(DF39,$G$465:$H$647,2,FALSE) -> 2L8X8X7/8 | DF39: 26.6 | DH39: W36X441 | DI39: 130 | DJ39: 38.9 | DK39: 1.36 | DL39: 23.6 | DM39: 3.48 | DN39: 1910 | DO39: 1650 | DQ39: W36X302 | DR39: 1280 | DS39: 21100 | DT39: W30X99 | DU39: 312 | DV39: 99 | DW39: =VLOOKUP(DT39,$DQ$4:$DR$276,2,FALSE) -> 312 | DX39: =VLOOKUP(DT39,$DQ$4:$DS$276,3,FALSE) -> 3990 | DZ39: W36X723 | EA39: 723 | EB39: 213 | EC39: 41.8 | ED39: 41 3/4 | EE39: 2.17 | EF39: 2 3/16 | EG39: 1 1/8 | EH39: 17.8 | EI39: 17 3/4 | EJ39: 3.9 | EK39: 3 7/8 | EL39: 2.28 | EM39: 15 | EN39: 57300 | EO39: 2740 | EP39: 16.4 | EQ39: 3270 | ER39: 3700 | ES39: 416 | ET39: 4.17 | EU39: 658
B40: L | C40: L6X6X7/8 | D40: L6X6X7/8 | E40: F | F40: 33.1 | G40: 9.75 | H40: =D40 -> L6X6X7/8 | I40: 6 | J40: – | K40: – | L40: – | M40: – | N40: – | O40: – | P40: – | Q40: 6 | R40: – | S40: – | T40: – | U40: – | V40: – | W40: – | X40: 0.875 | Y40: – | Z40: – | AA40: 1.38 | AB40: 1.375 | AC40: – | AD40: 1.81 | AE40: 1.81 | AF40: – | AG40: 0.813 | AH40: 0.813 | AI40: – | AJ40: 6.86 | AK40: – | AL40: – | AM40: – | AN40: – | AO40: 31.9 | AP40: 13.7 | AQ40: 7.61 | AR40: 1.81 | AS40: 31.9 | AT40: 13.7 | AU40: 7.61 | AV40: 1.81 | AW40: 13.3 | AX40: 1.17 | AY40: 5.2 | AZ40: 2.51 | BA40: 6.41 | BB40: – | BC40: – | BD40: – | BE40: – | BF40: – | BG40: – | BH40: – | BI40: 3.21 | BJ40: 0.63 | BK40: 1 | BL40: 50.5 | BM40: 3.93 | BN40: 0 | BO40: 3.93 | BP40: 1.99 | BQ40: 2.56 | BR40: 1.99 | BS40: 12.8 | BT40: – | BU40: 12.8 | BV40: 6.68 | BW40: 5.2 | BX40: 6.68 | BY40: – | BZ40: – | CA40: 18 | CB40: 18 | CC40: 24 | CD40: – | CE40: – | CF40: – | CG40: – | CH40: – | CL40: Single Row | CM40: 1 | CP40: ASD | CS40: =VLOOKUP(CT40,$G$3:$H$139,2,FALSE) -> L8X4X9/16 | CT40: 6.49 | CV40: =VLOOKUP(CW40,$G$140:$H$422,2,FALSE) -> WT13.5X168 | CW40: 49.5 | DE40: =VLOOKUP(DF40,$G$465:$H$647,2,FALSE) -> 2L8X8X7/8 | DF40: 26.6 | DH40: W36X395 | DI40: 116 | DJ40: 38.4 | DK40: 1.22 | DL40: 26.3 | DM40: 3.83 | DN40: 1710 | DO40: 1490 | DQ40: W44X262 | DR40: 1270 | DS40: 24100 | DT40: W30X90 | DU40: 283 | DV40: 90 | DW40: =VLOOKUP(DT40,$DQ$4:$DR$276,2,FALSE) -> 283 | DX40: =VLOOKUP(DT40,$DQ$4:$DS$276,3,FALSE) -> 3610 | DZ40: W36X652 | EA40: 652 | EB40: 192 | EC40: 41.1 | ED40: 41 | EE40: 1.97 | EF40: 2 | EG40: 1 | EH40: 17.6 | EI40: 17 5/8 | EJ40: 3.54 | EK40: 3 9/16 | EL40: 2.48 | EM40: 16.3 | EN40: 50600 | EO40: 2460 | EP40: 16.2 | EQ40: 2910 | ER40: 3230 | ES40: 367 | ET40: 4.1 | EU40: 581
B41: L | C41: L6X6X3/4 | D41: L6X6X3/4 | E41: F | F41: 28.7 | G41: 8.46 | H41: =D41 -> L6X6X3/4 | I41: 6 | J41: – | K41: – | L41: – | M41: – | N41: – | O41: – | P41: – | Q41: 6 | R41: – | S41: – | T41: – | U41: – | V41: – | W41: – | X41: 0.75 | Y41: – | Z41: – | AA41: 1.25 | AB41: 1.25 | AC41: – | AD41: 1.77 | AE41: 1.77 | AF41: – | AG41: 0.705 | AH41: 0.705 | AI41: – | AJ41: 8 | AK41: – | AL41: – | AM41: – | AN41: – | AO41: 28.1 | AP41: 11.9 | AQ41: 6.64 | AR41: 1.82 | AS41: 28.1 | AT41: 11.9 | AU41: 6.64 | AV41: 1.82 | AW41: 11.6 | AX41: 1.17 | AY41: 4.64 | AZ41: 1.61 | BA41: 4.17 | BB41: – | BC41: – | BD41: – | BE41: – | BF41: – | BG41: – | BH41: – | BI41: 3.24 | BJ41: 0.63 | BK41: 1 | BL41: 44.6 | BM41: 3.98 | BN41: 0 | BO41: 3.98 | BP41: 2 | BQ41: 2.5 | BR41: 2 | BS41: 11.2 | BT41: – | BU41: 11.2 | BV41: 5.8 | BW41: 4.64 | BX41: 5.8 | BY41: – | BZ41: – | CA41: 18 | CB41: 18 | CC41: 24 | CD41: – | CE41: – | CF41: – | CG41: – | CH41: – | CL41: Multiple Row | CM41: 0.5 | CP41: LRFD | CS41: =VLOOKUP(CT41,$G$3:$H$139,2,FALSE) -> L6X6X9/16 | CT41: 6.45 | CV41: =VLOOKUP(CW41,$G$140:$H$422,2,FALSE) -> WT13.5X168 | CW41: 49.5 | DE41: =VLOOKUP(DF41,$G$465:$H$647,2,FALSE) -> 2L8X8X7/8 | DF41: 26.6 | DH41: W36X361 | DI41: 106 | DJ41: 38 | DK41: 1.12 | DL41: 28.6 | DM41: 4.16 | DN41: 1550 | DO41: 1350 | DQ41: W40X294 | DR41: 1270 | DS41: 21900 | DT41: W27X84 | DU41: 244 | DV41: 84 | DW41: =VLOOKUP(DT41,$DQ$4:$DR$276,2,FALSE) -> 244 | DX41: =VLOOKUP(DT41,$DQ$4:$DS$276,3,FALSE) -> 2850 | DZ41: W36X529 | EA41: 529 | EB41: 156 | EC41: 39.8 | ED41: 39 3/4 | EE41: 1.61 | EF41: 1 5/8 | EG41: 13/16 | EH41: 17.2 | EI41: 17 1/4 | EJ41: 2.91 | EK41: 2 15/16 | EL41: 2.96 | EM41: 19.9 | EN41: 39600 | EO41: 1990 | EP41: 16 | EQ41: 2330 | ER41: 2490 | ES41: 289 | ET41: 4 | EU41: 454
B42: L | C42: L6X6X5/8 | D42: L6X6X5/8 | E42: F | F42: 24.2 | G42: 7.13 | H42: =D42 -> L6X6X5/8 | I42: 6 | J42: – | K42: – | L42: – | M42: – | N42: – | O42: – | P42: – | Q42: 6 | R42: – | S42: – | T42: – | U42: – | V42: – | W42: – | X42: 0.625 | Y42: – | Z42: – | AA42: 1.13 | AB42: 1.125 | AC42: – | AD42: 1.72 | AE42: 1.72 | AF42: – | AG42: 0.594 | AH42: 0.594 | AI42: – | AJ42: 9.6 | AK42: – | AL42: – | AM42: – | AN42: – | AO42: 24.1 | AP42: 10.1 | AQ42: 5.64 | AR42: 1.84 | AS42: 24.1 | AT42: 10.1 | AU42: 5.64 | AV42: 1.84 | AW42: 9.81 | AX42: 1.17 | AY42: 4.04 | AZ42: 0.955 | BA42: 2.5 | BB42: – | BC42: – | BD42: – | BE42: – | BF42: – | BG42: – | BH42: – | BI42: 3.28 | BJ42: 0.63 | BK42: 1 | BL42: 38.4 | BM42: 4.02 | BN42: 0 | BO42: 4.02 | BP42: 2.03 | BQ42: 2.43 | BR42: 2.03 | BS42: 9.55 | BT42: – | BU42: 9.55 | BV42: 4.83 | BW42: 4.04 | BX42: 4.83 | BY42: – | BZ42: – | CA42: 18 | CB42: 18 | CC42: 24 | CD42: – | CE42: – | CF42: – | CG42: – | CH42: – | CS42: =VLOOKUP(CT42,$G$3:$H$139,2,FALSE) -> L8X6X7/16 | CT42: 5.99 | CV42: =VLOOKUP(CW42,$G$140:$H$422,2,FALSE) -> WT22X167.5 | CW42: 49.2 | DE42: =VLOOKUP(DF42,$G$465:$H$647,2,FALSE) -> 2L8X8X3/4 | DF42: 23 | DH42: W36X330 | DI42: 96.9 | DJ42: 37.7 | DK42: 1.02 | DL42: 31.4 | DM42: 4.49 | DN42: 1410 | DO42: 1240 | DQ42: W33X318 | DR42: 1270 | DS42: 19500 | DT42: W24X84 | DU42: 224 | DV42: 84 | DW42: =VLOOKUP(DT42,$DQ$4:$DR$276,2,FALSE) -> 224 | DX42: =VLOOKUP(DT42,$DQ$4:$DS$276,3,FALSE) -> 2370 | DZ42: W36X487 | EA42: 487 | EB42: 143 | EC42: 39.3 | ED42: 39 3/8 | EE42: 1.5 | EF42: 1 1/2 | EG42: 44989 | EH42: 17.1 | EI42: 17 1/8 | EJ42: 2.68 | EK42: 2 11/16 | EL42: 3.19 | EM42: 21.4 | EN42: 36000 | EO42: 1830 | EP42: 15.8 | EQ42: 2130 | ER42: 2250 | ES42: 263 | ET42: 3.96 | EU42: 412
B43: L | C43: L6X6X9/16 | D43: L6X6X9/16 | E43: F | F43: 21.9 | G43: 6.45 | H43: =D43 -> L6X6X9/16 | I43: 6 | J43: – | K43: – | L43: – | M43: – | N43: – | O43: – | P43: – | Q43: 6 | R43: – | S43: – | T43: – | U43: – | V43: – | W43: – | X43: 0.563 | Y43: – | Z43: – | AA43: 1.06 | AB43: 1.0625 | AC43: – | AD43: 1.7 | AE43: 1.7 | AF43: – | AG43: 0.538 | AH43: 0.538 | AI43: – | AJ43: 10.7 | AK43: – | AL43: – | AM43: – | AN43: – | AO43: 22 | AP43: 9.18 | AQ43: 5.12 | AR43: 1.85 | AS43: 22 | AT43: 9.18 | AU43: 5.12 | AV43: 1.85 | AW43: 8.9 | AX43: 1.18 | AY43: 3.71 | AZ43: 0.704 | BA43: 1.85 | BB43: – | BC43: – | BD43: – | BE43: – | BF43: – | BG43: – | BH43: – | BI43: 3.29 | BJ43: 0.63 | BK43: 1 | BL43: 35.1 | BM43: 4.04 | BN43: 0 | BO43: 4.04 | BP43: 2.04 | BQ43: 2.4 | BR43: 2.04 | BS43: 8.69 | BT43: – | BU43: 8.69 | BV43: 4.36 | BW43: 3.71 | BX43: 4.36 | BY43: – | BZ43: – | CA43: 18 | CB43: 18 | CC43: 24 | CD43: – | CE43: – | CF43: – | CG43: – | CH43: – | CS43: =VLOOKUP(CT43,$G$3:$H$139,2,FALSE) -> L5X5X5/8 | CT43: 5.9 | CV43: =VLOOKUP(CW43,$G$140:$H$422,2,FALSE) -> WT12X167.5 | CW43: 49.1 | DE43: =VLOOKUP(DF43,$G$465:$H$647,2,FALSE) -> 2L8X8X3/4 | DF43: 23 | DH43: W36X302 | DI43: 89 | DJ43: 37.3 | DK43: 0.945 | DL43: 33.9 | DM43: 4.96 | DN43: 1280 | DO43: 1130 | DQ43: W40X277 | DR43: 1250 | DS43: 21900 | DT43: W24X76 | DU43: 200 | DV43: 76 | DW43: =VLOOKUP(DT43,$DQ$4:$DR$276,2,FALSE) -> 200 | DX43: =VLOOKUP(DT43,$DQ$4:$DS$276,3,FALSE) -> 2100 | DZ43: W36X441 | EA43: 441 | EB43: 130 | EC43: 38.9 | ED43: 38 7/8 | EE43: 1.36 | EF43: 1 3/8 | EG43: 45246 | EH43: 17 | EI43: 17 | EJ43: 2.44 | EK43: 2 7/16 | EL43: 3.48 | EM43: 23.6 | EN43: 32100 | EO43: 1650 | EP43: 15.7 | EQ43: 1910 | ER43: 1990 | ES43: 235 | ET43: 3.92 | EU43: 368
B44: L | C44: L6X6X1/2 | D44: L6X6X1/2 | E44: F | F44: 19.6 | G44: 5.77 | H44: =D44 -> L6X6X1/2 | I44: 6 | J44: – | K44: – | L44: – | M44: – | N44: – | O44: – | P44: – | Q44: 6 | R44: – | S44: – | T44: – | U44: – | V44: – | W44: – | X44: 0.5 | Y44: – | Z44: – | AA44: 1 | AB44: 1 | AC44: – | AD44: 1.67 | AE44: 1.67 | AF44: – | AG44: 0.481 | AH44: 0.481 | AI44: – | AJ44: 12 | AK44: – | AL44: – | AM44: – | AN44: – | AO44: 19.9 | AP44: 8.22 | AQ44: 4.59 | AR44: 1.86 | AS44: 19.9 | AT44: 8.22 | AU44: 4.59 | AV44: 1.86 | AW44: 8.06 | AX44: 1.18 | AY44: 3.42 | AZ44: 0.501 | BA44: 1.32 | BB44: – | BC44: – | BD44: – | BE44: – | BF44: – | BG44: – | BH44: – | BI44: 3.31 | BJ44: 0.63 | BK44: 1 | BL44: 31.8 | BM44: 4.07 | BN44: 0 | BO44: 4.07 | BP44: 2.06 | BQ44: 2.36 | BR44: 2.06 | BS44: 7.81 | BT44: – | BU44: 7.81 | BV44: 3.91 | BW44: 3.42 | BX44: 3.91 | BY44: – | BZ44: – | CA44: 18 | CB44: 18 | CC44: 24 | CD44: – | CE44: – | CF44: – | CG44: – | CH44: – | CL44: Shear Lag Factor | CQ44: Shear Lag | CS44: =VLOOKUP(CT44,$G$3:$H$139,2,FALSE) -> L6X4X5/8 | CT44: 5.86 | CV44: =VLOOKUP(CW44,$G$140:$H$422,2,FALSE) -> WT20X165.5 | CW44: 48.8 | DE44: =VLOOKUP(DF44,$G$465:$H$647,2,FALSE) -> 2L8X8X3/4 | DF44: 23 | DH44: W36X282 | DI44: 82.9 | DJ44: 37.1 | DK44: 0.885 | DL44: 36.2 | DM44: 5.29 | DN44: 1190 | DO44: 1050 | DQ44: W27X368 | DR44: 1240 | DS44: 16200 | DT44: W24X68 | DU44: 177 | DV44: 68 | DW44: =VLOOKUP(DT44,$DQ$4:$DR$276,2,FALSE) -> 177 | DX44: =VLOOKUP(DT44,$DQ$4:$DS$276,3,FALSE) -> 1830 | DZ44: W36X395 | EA44: 395 | EB44: 116 | EC44: 38.4 | ED44: 38 3/8 | EE44: 1.22 | EF44: 1 1/4 | EG44: 45054 | EH44: 16.8 | EI44: 16 7/8 | EJ44: 2.2 | EK44: 2 3/16 | EL44: 3.83 | EM44: 26.3 | EN44: 28500 | EO44: 1490 | EP44: 15.7 | EQ44: 1710 | ER44: 1750 | ES44: 208 | ET44: 3.88 | EU44: 325
B45: L | C45: L6X6X7/16 | D45: L6X6X7/16 | E45: F | F45: 17.2 | G45: 5.08 | H45: =D45 -> L6X6X7/16 | I45: 6 | J45: – | K45: – | L45: – | M45: – | N45: – | O45: – | P45: – | Q45: 6 | R45: – | S45: – | T45: – | U45: – | V45: – | W45: – | X45: 0.438 | Y45: – | Z45: – | AA45: 0.938 | AB45: 0.9375 | AC45: – | AD45: 1.65 | AE45: 1.65 | AF45: – | AG45: 0.423 | AH45: 0.423 | AI45: – | AJ45: 13.7 | AK45: – | AL45: – | AM45: – | AN45: – | AO45: 17.6 | AP45: 7.25 | AQ45: 4.06 | AR45: 1.86 | AS45: 17.6 | AT45: 7.25 | AU45: 4.06 | AV45: 1.86 | AW45: 7.05 | AX45: 1.18 | AY45: 3.03 | AZ45: 0.34 | BA45: 0.899 | BB45: – | BC45: – | BD45: – | BE45: – | BF45: – | BG45: – | BH45: – | BI45: 3.32 | BJ45: 0.63 | BK45: 1 | BL45: 28.1 | BM45: 4.09 | BN45: 0 | BO45: 4.09 | BP45: 2.06 | BQ45: 2.33 | BR45: 2.06 | BS45: 6.87 | BT45: – | BU45: 6.87 | BV45: 3.42 | BW45: 3.03 | BX45: 3.42 | BY45: – | BZ45: – | CA45: 18 | CB45: 18 | CC45: 24 | CD45: – | CE45: – | CF45: – | CG45: – | CH45: – | CM45: x | CN45: Value | CP45: Case 1 | CQ45: 1 | CS45: =VLOOKUP(CT45,$G$3:$H$139,2,FALSE) -> L5X3-1/2X3/4 | CT45: 5.85 | CV45: =VLOOKUP(CW45,$G$140:$H$422,2,FALSE) -> WT18X165 | CW45: 48.4 | DE45: =VLOOKUP(DF45,$G$465:$H$647,2,FALSE) -> 2L6X6X1 | DF45: 22 | DH45: W36X262 | DI45: 77.2 | DJ45: 36.9 | DK45: 0.84 | DL45: 38.2 | DM45: 5.75 | DN45: 1100 | DO45: 972 | DQ45: W40X278 | DR45: 1190 | DS45: 20500 | DT45: W21X68 | DU45: 160 | DV45: 68 | DW45: =VLOOKUP(DT45,$DQ$4:$DR$276,2,FALSE) -> 160 | DX45: =VLOOKUP(DT45,$DQ$4:$DS$276,3,FALSE) -> 1480 | DZ45: W36X361 | EA45: 361 | EB45: 106 | EC45: 38 | ED45: 38 | EE45: 1.12 | EF45: 1 1/8 | EG45: 45185 | EH45: 16.7 | EI45: 16 3/4 | EJ45: 2.01 | EK45: 2 | EL45: 4.16 | EM45: 28.6 | EN45: 25700 | EO45: 1350 | EP45: 15.6 | EQ45: 1550 | ER45: 1570 | ES45: 188 | ET45: 3.85 | EU45: 293
B46: L | C46: L6X6X3/8 | D46: L6X6X3/8 | E46: F | F46: 14.9 | G46: 4.38 | H46: =D46 -> L6X6X3/8 | I46: 6 | J46: – | K46: – | L46: – | M46: – | N46: – | O46: – | P46: – | Q46: 6 | R46: – | S46: – | T46: – | U46: – | V46: – | W46: – | X46: 0.375 | Y46: – | Z46: – | AA46: 0.875 | AB46: 0.875 | AC46: – | AD46: 1.62 | AE46: 1.62 | AF46: – | AG46: 0.365 | AH46: 0.365 | AI46: – | AJ46: 16 | AK46: – | AL46: – | AM46: – | AN46: – | AO46: 15.4 | AP46: 6.27 | AQ46: 3.51 | AR46: 1.87 | AS46: 15.4 | AT46: 6.27 | AU46: 3.51 | AV46: 1.87 | AW46: 6.21 | AX46: 1.19 | AY46: 2.71 | AZ46: 0.218 | BA46: 0.575 | BB46: – | BC46: – | BD46: – | BE46: – | BF46: – | BG46: – | BH46: – | BI46: 3.34 | BJ46: 0.63 | BK46: 1 | BL46: 24.6 | BM46: 4.11 | BN46: 0 | BO46: 4.11 | BP46: 2.08 | BQ46: 2.29 | BR46: 2.08 | BS46: 5.99 | BT46: – | BU46: 5.99 | BV46: 2.99 | BW46: 2.71 | BX46: 2.99 | BY46: – | BZ46: – | CA46: 18 | CB46: 18 | CC46: 24 | CD46: – | CE46: – | CF46: – | CG46: – | CH46: – | CL46: Case 1 | CN46: 1 | CP46: Case 8 | CQ46: 0.8 | CS46: =VLOOKUP(CT46,$G$3:$H$139,2,FALSE) -> L8X4X1/2 | CT46: 5.8 | CV46: =VLOOKUP(CW46,$G$140:$H$422,2,FALSE) -> WT15X163 | CW46: 48 | DE46: =VLOOKUP(DF46,$G$465:$H$647,2,FALSE) -> 2L6X6X1 | DF46: 22 | DH46: W36X247 | DI46: 72.5 | DJ46: 36.7 | DK46: 0.8 | DL46: 40.1 | DM46: 6.11 | DN46: 1030 | DO46: 913 | DQ46: W36X282 | DR46: 1190 | DS46: 19600 | DT46: W24X62 | DU46: 153 | DV46: 62 | DW46: =VLOOKUP(DT46,$DQ$4:$DR$276,2,FALSE) -> 153 | DX46: =VLOOKUP(DT46,$DQ$4:$DS$276,3,FALSE) -> 1550 | DZ46: W36X330 | EA46: 330 | EB46: 96.9 | EC46: 37.7 | ED46: 37 5/8 | EE46: 1.02 | EF46: 1 | EG46: 44928 | EH46: 16.6 | EI46: 16 5/8 | EJ46: 1.85 | EK46: 1 7/8 | EL46: 4.49 | EM46: 31.4 | EN46: 23300 | EO46: 1240 | EP46: 15.5 | EQ46: 1410 | ER46: 1420 | ES46: 171 | ET46: 3.83 | EU46: 265
B47: L | C47: L6X6X5/16 | D47: L6X6X5/16 | E47: F | F47: 12.4 | G47: 3.67 | H47: =D47 -> L6X6X5/16 | I47: 6 | J47: – | K47: – | L47: – | M47: – | N47: – | O47: – | P47: – | Q47: 6 | R47: – | S47: – | T47: – | U47: – | V47: – | W47: – | X47: 0.313 | Y47: – | Z47: – | AA47: 0.813 | AB47: 0.8125 | AC47: – | AD47: 1.6 | AE47: 1.6 | AF47: – | AG47: 0.306 | AH47: 0.306 | AI47: – | AJ47: 19.2 | AK47: – | AL47: – | AM47: – | AN47: – | AO47: 13 | AP47: 5.26 | AQ47: 2.95 | AR47: 1.88 | AS47: 13 | AT47: 5.26 | AU47: 2.95 | AV47: 1.88 | AW47: 5.2 | AX47: 1.19 | AY47: 2.3 | AZ47: 0.129 | BA47: 0.338 | BB47: – | BC47: – | BD47: – | BE47: – | BF47: – | BG47: – | BH47: – | BI47: 3.35 | BJ47: 0.63 | BK47: 1 | BL47: 20.8 | BM47: 4.13 | BN47: 0 | BO47: 4.13 | BP47: 2.09 | BQ47: 2.26 | BR47: 2.09 | BS47: 5.04 | BT47: – | BU47: 5.04 | BV47: 2.49 | BW47: 2.3 | BX47: 2.49 | BY47: – | BZ47: – | CA47: 18 | CB47: 18 | CC47: 24 | CD47: – | CE47: – | CF47: – | CG47: – | CH47: – | CL47: Case 2 | CM47: =VLOOKUP(#REF!,'Database 1'!C3:AE464,27,FALSE) -> #REF! | CN47: =1-(CM47/#REF!) -> #REF! | CS47: =VLOOKUP(CT47,$G$3:$H$139,2,FALSE) -> L6X6X1/2 | CT47: 5.77 | CV47: =VLOOKUP(CW47,$G$140:$H$422,2,FALSE) -> WT20X163.5 | CW47: 47.9 | DE47: =VLOOKUP(DF47,$G$465:$H$647,2,FALSE) -> 2L6X6X1 | DF47: 22 | DH47: W36X231 | DI47: 68.2 | DJ47: 36.5 | DK47: 0.76 | DL47: 42.2 | DM47: 6.54 | DN47: 963 | DO47: 854 | DQ47: W30X326 | DR47: 1190 | DS47: 16800 | DT47: W21X62 | DU47: 144 | DV47: 62 | DW47: 144 | DX47: 1330 | DZ47: W36X302 | EA47: 302 | EB47: 89 | EC47: 37.3 | ED47: 37 3/8 | EE47: 0.945 | EF47: 15/16 | EG47: 44928 | EH47: 16.7 | EI47: 16 5/8 | EJ47: 1.68 | EK47: 1 11/16 | EL47: 4.96 | EM47: 33.9 | EN47: 21100 | EO47: 1130 | EP47: 15.4 | EQ47: 1280 | ER47: 1300 | ES47: 156 | ET47: 3.82 | EU47: 241
B48: L | C48: L6X4X7/8 | D48: L6X4X7/8 | E48: F | F48: 27.2 | G48: 8 | H48: =D48 -> L6X4X7/8 | I48: 4 | J48: – | K48: – | L48: – | M48: – | N48: – | O48: – | P48: – | Q48: 6 | R48: – | S48: – | T48: – | U48: – | V48: – | W48: – | X48: 0.875 | Y48: – | Z48: – | AA48: 1.38 | AB48: 1.375 | AC48: – | AD48: 1.12 | AE48: 2.12 | AF48: – | AG48: 0.667 | AH48: 1.43 | AI48: – | AJ48: 6.86 | AK48: – | AL48: – | AM48: – | AN48: – | AO48: 27.7 | AP48: 12.7 | AQ48: 7.13 | AR48: 1.86 | AS48: 9.7 | AT48: 6.26 | AU48: 3.37 | AV48: 1.1 | AW48: 5.82 | AX48: 0.854 | AY48: 2.91 | AZ48: 2.03 | BA48: 4.04 | BB48: – | BC48: – | BD48: – | BE48: – | BF48: – | BG48: – | BH48: – | BI48: 2.82 | BJ48: – | BK48: 0.421 | BL48: 31.6 | BM48: 2.67 | BN48: 1.52 | BO48: 3.84 | BP48: 2 | BQ48: 1.86 | BR48: 0.877 | BS48: 11.8 | BT48: 20.8 | BU48: 8.23 | BV48: 2.91 | BW48: 3.13 | BX48: 6.64 | BY48: – | BZ48: – | CA48: 16 | CB48: 14 | CC48: 20 | CD48: – | CE48: – | CF48: – | CG48: – | CH48: – | CL48: Case 8a | CN48: 0.8 | CS48: =VLOOKUP(CT48,$G$3:$H$139,2,FALSE) -> L4X4X3/4 | CT48: 5.44 | CV48: =VLOOKUP(CW48,$G$140:$H$422,2,FALSE) -> WT20X162 | CW48: 47.7 | DE48: =VLOOKUP(DF48,$G$465:$H$647,2,FALSE) -> 2L6X6X7/8 | DF48: 19.5 | DH48: W36X256 | DI48: 75.3 | DJ48: 37.4 | DK48: 0.96 | DL48: 33.8 | DM48: 3.53 | DN48: 1040 | DO48: 895 | DQ48: W14X550 | DR48: 1180 | DS48: 9430 | DT48: W24X55 | DU48: 134 | DV48: 55 | DW48: 134 | DX48: 1350 | DZ48: W36X282 | EA48: 282 | EB48: 82.9 | EC48: 37.1 | ED48: 37 1/8 | EE48: 0.885 | EF48: 45115 | EG48: 45123 | EH48: 16.6 | EI48: 16 5/8 | EJ48: 1.57 | EK48: 1 9/16 | EL48: 5.29 | EM48: 36.2 | EN48: 19600 | EO48: 1050 | EP48: 15.4 | EQ48: 1190 | ER48: 1200 | ES48: 144 | ET48: 3.8 | EU48: 223
B49: L | C49: L6X4X3/4 | D49: L6X4X3/4 | E49: F | F49: 23.6 | G49: 6.94 | H49: =D49 -> L6X4X3/4 | I49: 4 | J49: – | K49: – | L49: – | M49: – | N49: – | O49: – | P49: – | Q49: 6 | R49: – | S49: – | T49: – | U49: – | V49: – | W49: – | X49: 0.75 | Y49: – | Z49: – | AA49: 1.25 | AB49: 1.25 | AC49: – | AD49: 1.07 | AE49: 2.07 | AF49: – | AG49: 0.578 | AH49: 1.37 | AI49: – | AJ49: 8 | AK49: – | AL49: – | AM49: – | AN49: – | AO49: 24.5 | AP49: 11.1 | AQ49: 6.23 | AR49: 1.88 | AS49: 8.63 | AT49: 5.42 | AU49: 2.95 | AV49: 1.12 | AW49: 5.08 | AX49: 0.856 | AY49: 2.5 | AZ49: 1.31 | BA49: 2.64 | BB49: – | BC49: – | BD49: – | BE49: – | BF49: – | BG49: – | BH49: – | BI49: 2.85 | BJ49: – | BK49: 0.428 | BL49: 28.1 | BM49: 2.71 | BN49: 1.48 | BO49: 3.89 | BP49: 2.03 | BQ49: 1.8 | BR49: 0.906 | BS49: 10.4 | BT49: 19 | BU49: 7.22 | BV49: 2.5 | BW49: 2.82 | BX49: 5.61 | BY49: – | BZ49: – | CA49: 16 | CB49: 14 | CC49: 20 | CD49: – | CE49: – | CF49: – | CG49: – | CH49: – | CL49: Case 8b | CN49: 0.6 | CS49: =VLOOKUP(CT49,$G$3:$H$139,2,FALSE) -> L6X4X9/16 | CT49: 5.31 | CV49: =VLOOKUP(CW49,$G$140:$H$422,2,FALSE) -> WT16.5X159 | CW49: 46.8 | DE49: =VLOOKUP(DF49,$G$465:$H$647,2,FALSE) -> 2L6X6X7/8 | DF49: 19.5 | DH49: W36X232 | DI49: 68 | DJ49: 37.1 | DK49: 0.87 | DL49: 37.3 | DM49: 3.86 | DN49: 936 | DO49: 809 | DQ49: W33X291 | DR49: 1160 | DS49: 17700 | DT49: W21X55 | DU49: 126 | DV49: 55 | DW49: 126 | DX49: 1140 | DZ49: W36X262 | EA49: 262 | EB49: 77.2 | EC49: 36.9 | ED49: 36 7/8 | EE49: 0.84 | EF49: 13/16 | EG49: 45123 | EH49: 16.6 | EI49: 16 1/2 | EJ49: 1.44 | EK49: 1 7/16 | EL49: 5.75 | EM49: 38.2 | EN49: 17900 | EO49: 972 | EP49: 15.3 | EQ49: 1100 | ER49: 1090 | ES49: 132 | ET49: 3.76 | EU49: 204
B50: L | C50: L6X4X5/8 | D50: L6X4X5/8 | E50: F | F50: 20 | G50: 5.86 | H50: =D50 -> L6X4X5/8 | I50: 4 | J50: – | K50: – | L50: – | M50: – | N50: – | O50: – | P50: – | Q50: 6 | R50: – | S50: – | T50: – | U50: – | V50: – | W50: – | X50: 0.625 | Y50: – | Z50: – | AA50: 1.13 | AB50: 1.125 | AC50: – | AD50: 1.03 | AE50: 2.03 | AF50: – | AG50: 0.488 | AH50: 1.31 | AI50: – | AJ50: 9.6 | AK50: – | AL50: – | AM50: – | AN50: – | AO50: 21 | AP50: 9.44 | AQ50: 5.29 | AR50: 1.89 | AS50: 7.48 | AT50: 4.56 | AU50: 2.52 | AV50: 1.13 | AW50: 4.32 | AX50: 0.859 | AY50: 2.12 | AZ50: 0.775 | BA50: 1.59 | BB50: – | BC50: – | BD50: – | BE50: – | BF50: – | BG50: – | BH50: – | BI50: 2.88 | BJ50: – | BK50: 0.435 | BL50: 24.2 | BM50: 2.76 | BN50: 1.45 | BO50: 3.93 | BP50: 2.04 | BQ50: 1.75 | BR50: 0.926 | BS50: 8.77 | BT50: 16.7 | BU50: 6.16 | BV50: 2.12 | BW50: 2.47 | BX50: 4.67 | BY50: – | BZ50: – | CA50: 16 | CB50: 14 | CC50: 20 | CD50: – | CE50: – | CF50: – | CG50: – | CH50: – | CS50: =VLOOKUP(CT50,$G$3:$H$139,2,FALSE) -> L7X4X1/2 | CT50: 5.26 | CV50: =VLOOKUP(CW50,$G$140:$H$422,2,FALSE) -> WT9X155.5 | CW50: 45.8 | DE50: =VLOOKUP(DF50,$G$465:$H$647,2,FALSE) -> 2L6X6X7/8 | DF50: 19.5 | DH50: W36X210 | DI50: 61.9 | DJ50: 36.7 | DK50: 0.83 | DL50: 39.1 | DM50: 4.48 | DN50: 833 | DO50: 719 | DQ50: W40X264 | DR50: 1130 | DS50: 19400 | DT50: W18X55 | DU50: 112 | DV50: 55 | DW50: 112 | DX50: 890 | DZ50: W36X247 | EA50: 247 | EB50: 72.5 | EC50: 36.7 | ED50: 36 5/8 | EE50: 0.8 | EF50: 13/16 | EG50: 45123 | EH50: 16.5 | EI50: 16 1/2 | EJ50: 1.35 | EK50: 1 3/8 | EL50: 6.11 | EM50: 40.1 | EN50: 16700 | EO50: 913 | EP50: 15.2 | EQ50: 1030 | ER50: 1010 | ES50: 123 | ET50: 3.74 | EU50: 190
B51: L | C51: L6X4X9/16 | D51: L6X4X9/16 | E51: F | F51: 18.1 | G51: 5.31 | H51: =D51 -> L6X4X9/16 | I51: 4 | J51: – | K51: – | L51: – | M51: – | N51: – | O51: – | P51: – | Q51: 6 | R51: – | S51: – | T51: – | U51: – | V51: – | W51: – | X51: 0.563 | Y51: – | Z51: – | AA51: 1.06 | AB51: 1.0625 | AC51: – | AD51: 1 | AE51: 2 | AF51: – | AG51: 0.443 | AH51: 1.28 | AI51: – | AJ51: 10.7 | AK51: – | AL51: – | AM51: – | AN51: – | AO51: 19.2 | AP51: 8.59 | AQ51: 4.81 | AR51: 1.9 | AS51: 6.86 | AT51: 4.13 | AU51: 2.29 | AV51: 1.14 | AW51: 3.93 | AX51: 0.861 | AY51: 1.91 | AZ51: 0.572 | BA51: 1.18 | BB51: – | BC51: – | BD51: – | BE51: – | BF51: – | BG51: – | BH51: – | BI51: 2.9 | BJ51: – | BK51: 0.438 | BL51: 22.1 | BM51: 2.78 | BN51: 1.43 | BO51: 3.95 | BP51: 2.06 | BQ51: 1.72 | BR51: 0.947 | BS51: 7.95 | BT51: 15.5 | BU51: 5.59 | BV51: 1.91 | BW51: 2.28 | BX51: 4.15 | BY51: – | BZ51: – | CA51: 16 | CB51: 14 | CC51: 20 | CD51: – | CE51: – | CF51: – | CG51: – | CH51: – | CS51: =VLOOKUP(CT51,$G$3:$H$139,2,FALSE) -> L8X4X7/16 | CT51: 5.11 | CV51: =VLOOKUP(CW51,$G$140:$H$422,2,FALSE) -> WT7X155.5 | CW51: 45.7 | DE51: =VLOOKUP(DF51,$G$465:$H$647,2,FALSE) -> 2L8X8X5/8 | DF51: 19.4 | DH51: W36X194 | DI51: 57 | DJ51: 36.5 | DK51: 0.765 | DL51: 42.4 | DM51: 4.81 | DN51: 767 | DO51: 664 | DQ51: W27X336 | DR51: 1130 | DS51: 14600 | DT51: W21X48 | DU51: 107 | DV51: 48 | DW51: 107 | DX51: 959 | DZ51: W36X231 | EA51: 231 | EB51: 68.2 | EC51: 36.5 | ED51: 36 1/2 | EE51: 0.76 | EF51: 44989 | EG51: 44993 | EH51: 16.5 | EI51: 16 1/2 | EJ51: 1.26 | EK51: 1 1/4 | EL51: 6.54 | EM51: 42.2 | EN51: 15600 | EO51: 854 | EP51: 15.1 | EQ51: 963 | ER51: 940 | ES51: 114 | ET51: 3.71 | EU51: 176
B52: L | C52: L6X4X1/2 | D52: L6X4X1/2 | E52: F | F52: 16.2 | G52: 4.75 | H52: =D52 -> L6X4X1/2 | I52: 4 | J52: – | K52: – | L52: – | M52: – | N52: – | O52: – | P52: – | Q52: 6 | R52: – | S52: – | T52: – | U52: – | V52: – | W52: – | X52: 0.5 | Y52: – | Z52: – | AA52: 1 | AB52: 1 | AC52: – | AD52: 0.981 | AE52: 1.98 | AF52: – | AG52: 0.396 | AH52: 1.25 | AI52: – | AJ52: 12 | AK52: – | AL52: – | AM52: – | AN52: – | AO52: 17.3 | AP52: 7.71 | AQ52: 4.31 | AR52: 1.91 | AS52: 6.22 | AT52: 3.69 | AU52: 2.06 | AV52: 1.14 | AW52: 3.54 | AX52: 0.864 | AY52: 1.72 | AZ52: 0.407 | BA52: 0.843 | BB52: – | BC52: – | BD52: – | BE52: – | BF52: – | BG52: – | BH52: – | BI52: 2.91 | BJ52: – | BK52: 0.44 | BL52: 20 | BM52: 2.8 | BN52: 1.41 | BO52: 3.97 | BP52: 2.06 | BQ52: 1.7 | BR52: 0.955 | BS52: 7.14 | BT52: 14.2 | BU52: 5.04 | BV52: 1.72 | BW52: 2.08 | BX52: 3.71 | BY52: – | BZ52: – | CA52: 16 | CB52: 14 | CC52: 20 | CD52: – | CE52: – | CF52: – | CG52: – | CH52: – | CL52: Bolt Grades | CO52: Fnv | CS52: =VLOOKUP(CT52,$G$3:$H$139,2,FALSE) -> L6X6X7/16 | CT52: 5.08 | CV52: =VLOOKUP(CW52,$G$140:$H$422,2,FALSE) -> WT13.5X153.5 | CW52: 45.2 | DE52: =VLOOKUP(DF52,$G$465:$H$647,2,FALSE) -> 2L8X8X5/8 | DF52: 19.4 | DH52: W36X182 | DI52: 53.6 | DJ52: 36.3 | DK52: 0.725 | DL52: 44.8 | DM52: 5.12 | DN52: 718 | DO52: 623 | DQ52: W24X370 | DR52: 1130 | DS52: 13400 | DT52: W21X44 | DU52: 95.4 | DV52: 44 | DW52: =VLOOKUP(DT52,$DQ$4:$DR$276,2,FALSE) -> 95.4 | DX52: =VLOOKUP(DT52,$DQ$4:$DS$276,3,FALSE) -> 843 | DZ52: W36X256 | EA52: 256 | EB52: 75.3 | EC52: 37.4 | ED52: 37 3/8 | EE52: 0.96 | EF52: 15/16 | EG52: 44928 | EH52: 12.2 | EI52: 12 1/4 | EJ52: 1.73 | EK52: 1 3/4 | EL52: 3.53 | EM52: 33.8 | EN52: 16800 | EO52: 895 | EP52: 14.9 | EQ52: 1040 | ER52: 528 | ES52: 86.5 | ET52: 2.65 | EU52: 137
B53: L | C53: L6X4X7/16 | D53: L6X4X7/16 | E53: F | F53: 14.3 | G53: 4.18 | H53: =D53 -> L6X4X7/16 | I53: 4 | J53: – | K53: – | L53: – | M53: – | N53: – | O53: – | P53: – | Q53: 6 | R53: – | S53: – | T53: – | U53: – | V53: – | W53: – | X53: 0.438 | Y53: – | Z53: – | AA53: 0.938 | AB53: 0.9375 | AC53: – | AD53: 0.957 | AE53: 1.95 | AF53: – | AG53: 0.348 | AH53: 1.22 | AI53: – | AJ53: 13.7 | AK53: – | AL53: – | AM53: – | AN53: – | AO53: 15.4 | AP53: 6.81 | AQ53: 3.81 | AR53: 1.92 | AS53: 5.56 | AT53: 3.24 | AU53: 1.83 | AV53: 1.15 | AW53: 3.14 | AX53: 0.867 | AY53: 1.51 | AZ53: 0.276 | BA53: 0.575 | BB53: – | BC53: – | BD53: – | BE53: – | BF53: – | BG53: – | BH53: – | BI53: 2.93 | BJ53: – | BK53: 0.443 | BL53: 17.8 | BM53: 2.82 | BN53: 1.39 | BO53: 4 | BP53: 2.08 | BQ53: 1.67 | BR53: 0.97 | BS53: 6.31 | BT53: 12.8 | BU53: 4.45 | BV53: 1.51 | BW53: 1.88 | BX53: 3.24 | BY53: – | BZ53: – | CA53: 16 | CB53: 14 | CC53: 20 | CD53: – | CE53: – | CF53: – | CG53: – | CH53: – | CL53: A307 | CM53: N/A | CN53: A307 | CO53: 27 | CS53: =VLOOKUP(CT53,$G$3:$H$139,2,FALSE) -> L5X3-1/2X5/8 | CT53: 4.93 | CV53: =VLOOKUP(CW53,$G$140:$H$422,2,FALSE) -> WT12X153 | CW53: 44.9 | DE53: =VLOOKUP(DF53,$G$465:$H$647,2,FALSE) -> 2L8X8X5/8 | DF53: 19.4 | DH53: W36X170 | DI53: 50 | DJ53: 36.2 | DK53: 0.68 | DL53: 47.7 | DM53: 5.47 | DN53: 668 | DO53: 581 | DQ53: W40X249 | DR53: 1120 | DS53: 19600 | DT53: W18X40 | DU53: 78.4 | DV53: 40 | DW53: =VLOOKUP(DT53,$DQ$4:$DR$276,2,FALSE) -> 78.4 | DX53: =VLOOKUP(DT53,$DQ$4:$DS$276,3,FALSE) -> 612 | DZ53: W36X232 | EA53: 232 | EB53: 68 | EC53: 37.1 | ED53: 37 1/8 | EE53: 0.87 | EF53: 45115 | EG53: 45123 | EH53: 12.1 | EI53: 12 1/8 | EJ53: 1.57 | EK53: 1 9/16 | EL53: 3.86 | EM53: 37.3 | EN53: 15000 | EO53: 809 | EP53: 14.8 | EQ53: 936 | ER53: 468 | ES53: 77.2 | ET53: 2.62 | EU53: 122
B54: L | C54: L6X4X3/8 | D54: L6X4X3/8 | E54: F | F54: 12.3 | G54: 3.61 | H54: =D54 -> L6X4X3/8 | I54: 4 | J54: – | K54: – | L54: – | M54: – | N54: – | O54: – | P54: – | Q54: 6 | R54: – | S54: – | T54: – | U54: – | V54: – | W54: – | X54: 0.375 | Y54: – | Z54: – | AA54: 0.875 | AB54: 0.875 | AC54: – | AD54: 0.933 | AE54: 1.93 | AF54: – | AG54: 0.301 | AH54: 1.19 | AI54: – | AJ54: 16 | AK54: – | AL54: – | AM54: – | AN54: – | AO54: 13.4 | AP54: 5.89 | AQ54: 3.3 | AR54: 1.93 | AS54: 4.86 | AT54: 2.79 | AU54: 1.58 | AV54: 1.16 | AW54: 2.73 | AX54: 0.87 | AY54: 1.31 | AZ54: 0.177 | BA54: 0.369 | BB54: – | BC54: – | BD54: – | BE54: – | BF54: – | BG54: – | BH54: – | BI54: 2.94 | BJ54: – | BK54: 0.446 | BL54: 15.5 | BM54: 2.84 | BN54: 1.38 | BO54: 4.02 | BP54: 2.09 | BQ54: 1.64 | BR54: 0.979 | BS54: 5.46 | BT54: 11.2 | BU54: 3.86 | BV54: 1.31 | BW54: 1.66 | BX54: 2.79 | BY54: – | BZ54: – | CA54: 16 | CB54: 14 | CC54: 20 | CD54: – | CE54: – | CF54: – | CG54: – | CH54: – | CL54: A325 | CM54: Group A | CN54: Group A - X | CO54: 68 | CS54: =VLOOKUP(CT54,$G$3:$H$139,2,FALSE) -> L5X5X1/2 | CT54: 4.79 | CV54: =VLOOKUP(CW54,$G$140:$H$422,2,FALSE) -> WT6X152.5 | CW54: 44.7 | DE54: =VLOOKUP(DF54,$G$465:$H$647,2,FALSE) -> 2L8X8X9/16 | DF54: 17.5 | DH54: W36X160 | DI54: 47 | DJ54: 36 | DK54: 0.65 | DL54: 49.9 | DM54: 5.88 | DN54: 624 | DO54: 542 | DQ54: W44X230 | DR54: 1100 | DS54: 20800 | DT54: W16X40 | DU54: 73 | DV54: 40 | DW54: =VLOOKUP(DT54,$DQ$4:$DR$276,2,FALSE) -> 73 | DX54: =VLOOKUP(DT54,$DQ$4:$DS$276,3,FALSE) -> 518 | DZ54: W36X210 | EA54: 210 | EB54: 61.9 | EC54: 36.7 | ED54: 36 3/4 | EE54: 0.83 | EF54: 13/16 | EG54: 45123 | EH54: 12.2 | EI54: 12 1/8 | EJ54: 1.36 | EK54: 1 3/8 | EL54: 4.48 | EM54: 39.1 | EN54: 13200 | EO54: 719 | EP54: 14.6 | EQ54: 833 | ER54: 411 | ES54: 67.5 | ET54: 2.58 | EU54: 107
B55: L | C55: L6X4X5/16 | D55: L6X4X5/16 | E55: F | F55: 10.3 | G55: 3.03 | H55: =D55 -> L6X4X5/16 | I55: 4 | J55: – | K55: – | L55: – | M55: – | N55: – | O55: – | P55: – | Q55: 6 | R55: – | S55: – | T55: – | U55: – | V55: – | W55: – | X55: 0.313 | Y55: – | Z55: – | AA55: 0.813 | AB55: 0.8125 | AC55: – | AD55: 0.908 | AE55: 1.9 | AF55: – | AG55: 0.253 | AH55: 1.15 | AI55: – | AJ55: 19.2 | AK55: – | AL55: – | AM55: – | AN55: – | AO55: 11.4 | AP55: 4.96 | AQ55: 2.77 | AR55: 1.94 | AS55: 4.13 | AT55: 2.33 | AU55: 1.34 | AV55: 1.17 | AW55: 2.31 | AX55: 0.874 | AY55: 1.09 | AZ55: 0.104 | BA55: 0.217 | BB55: – | BC55: – | BD55: – | BE55: – | BF55: – | BG55: – | BH55: – | BI55: 2.96 | BJ55: – | BK55: 0.449 | BL55: 13.2 | BM55: 2.85 | BN55: 1.36 | BO55: 4.05 | BP55: 2.11 | BQ55: 1.6 | BR55: 0.988 | BS55: 4.63 | BT55: 9.71 | BU55: 3.26 | BV55: 1.09 | BW55: 1.44 | BX55: 2.34 | BY55: – | BZ55: – | CA55: 16 | CB55: 14 | CC55: 20 | CD55: – | CE55: – | CF55: – | CG55: – | CH55: – | CL55: A325M | CM55: Group A | CN55: Group A - N | CO55: 54 | CS55: =VLOOKUP(CT55,$G$3:$H$139,2,FALSE) -> L6X4X1/2 | CT55: 4.75 | CV55: =VLOOKUP(CW55,$G$140:$H$422,2,FALSE) -> WT18X151 | CW55: 44.5 | DE55: =VLOOKUP(DF55,$G$465:$H$647,2,FALSE) -> 2L8X8X9/16 | DF55: 17.5 | DH55: W36X150 | DI55: 44.3 | DJ55: 35.9 | DK55: 0.625 | DL55: 51.9 | DM55: 6.37 | DN55: 581 | DO55: 504 | DQ55: W36X262 | DR55: 1100 | DS55: 17900 | DT55: W18X35 | DU55: 66.5 | DV55: 35 | DW55: =VLOOKUP(DT55,$DQ$4:$DR$276,2,FALSE) -> 66.5 | DX55: =VLOOKUP(DT55,$DQ$4:$DS$276,3,FALSE) -> 510 | DZ55: W36X194 | EA55: 194 | EB55: 57 | EC55: 36.5 | ED55: 36 1/2 | EE55: 0.765 | EF55: 44989 | EG55: 44993 | EH55: 12.1 | EI55: 12 1/8 | EJ55: 1.26 | EK55: 1 1/4 | EL55: 4.81 | EM55: 42.4 | EN55: 12100 | EO55: 664 | EP55: 14.6 | EQ55: 767 | ER55: 375 | ES55: 61.9 | ET55: 2.56 | EU55: 97.7
B56: L | C56: L6X3-1/2X1/2 | D56: L6X3-1/2X1/2 | E56: F | F56: 15.3 | G56: 4.5 | H56: =D56 -> L6X3-1/2X1/2 | I56: 3.5 | J56: – | K56: – | L56: – | M56: – | N56: – | O56: – | P56: – | Q56: 6 | R56: – | S56: – | T56: – | U56: – | V56: – | W56: – | X56: 0.5 | Y56: – | Z56: – | AA56: 1 | AB56: 1 | AC56: – | AD56: 0.829 | AE56: 2.07 | AF56: – | AG56: 0.375 | AH56: 1.5 | AI56: – | AJ56: 12 | AK56: – | AL56: – | AM56: – | AN56: – | AO56: 16.6 | AP56: 7.49 | AQ56: 4.23 | AR56: 1.92 | AS56: 4.24 | AT56: 2.88 | AU56: 1.59 | AV56: 0.968 | AW56: 2.59 | AX56: 0.756 | AY56: 1.34 | AZ56: 0.386 | BA56: 0.779 | BB56: – | BC56: – | BD56: – | BE56: – | BF56: – | BG56: – | BH56: – | BI56: 2.88 | BJ56: – | BK56: 0.343 | BL56: 18.3 | BM56: 2.59 | BN56: 1.69 | BO56: 3.9 | BP56: 1.94 | BQ56: 1.46 | BR56: 0.729 | BS56: 7.07 | BT56: 10.8 | BU56: 4.69 | BV56: 1.34 | BW56: 1.77 | BX56: 3.55 | BY56: – | BZ56: – | CA56: 15.5 | CB56: 13 | CC56: 19 | CD56: – | CE56: – | CF56: – | CG56: – | CH56: – | CL56: F1852 | CM56: Group A | CN56: Group B - X | CO56: 84 | CS56: =VLOOKUP(CT56,$G$3:$H$139,2,FALSE) -> L7X4X7/16 | CT56: 4.63 | CV56: =VLOOKUP(CW56,$G$140:$H$422,2,FALSE) -> WT20X148.5 | CW56: 43.6 | DE56: =VLOOKUP(DF56,$G$465:$H$647,2,FALSE) -> 2L8X8X9/16 | DF56: 17.5 | DH56: W36X135 | DI56: 39.9 | DJ56: 35.6 | DK56: 0.6 | DL56: 54.1 | DM56: 7.56 | DN56: 509 | DO56: 439 | DQ56: W30X292 | DR56: 1060 | DS56: 14900 | DT56: W14X34 | DU56: 54.6 | DV56: 34 | DW56: =VLOOKUP(DT56,$DQ$4:$DR$276,2,FALSE) -> 54.6 | DX56: =VLOOKUP(DT56,$DQ$4:$DS$276,3,FALSE) -> 340 | DZ56: W36X182 | EA56: 182 | EB56: 53.6 | EC56: 36.3 | ED56: 36 3/8 | EE56: 0.725 | EF56: 44989 | EG56: 44993 | EH56: 12.1 | EI56: 12 1/8 | EJ56: 1.18 | EK56: 1 3/16 | EL56: 5.12 | EM56: 44.8 | EN56: 11300 | EO56: 623 | EP56: 14.5 | EQ56: 718 | ER56: 347 | ES56: 57.6 | ET56: 2.55 | EU56: 90.7
B57: L | C57: L6X3-1/2X3/8 | D57: L6X3-1/2X3/8 | E57: F | F57: 11.7 | G57: 3.44 | H57: =D57 -> L6X3-1/2X3/8 | I57: 3.5 | J57: – | K57: – | L57: – | M57: – | N57: – | O57: – | P57: – | Q57: 6 | R57: – | S57: – | T57: – | U57: – | V57: – | W57: – | X57: 0.375 | Y57: – | Z57: – | AA57: 0.875 | AB57: 0.875 | AC57: – | AD57: 0.781 | AE57: 2.02 | AF57: – | AG57: 0.287 | AH57: 1.41 | AI57: – | AJ57: 16 | AK57: – | AL57: – | AM57: – | AN57: – | AO57: 12.9 | AP57: 5.74 | AQ57: 3.23 | AR57: 1.93 | AS57: 3.33 | AT57: 2.18 | AU57: 1.22 | AV57: 0.984 | AW57: 2.01 | AX57: 0.763 | AY57: 1.02 | AZ57: 0.168 | BA57: 0.341 | BB57: – | BC57: – | BD57: – | BE57: – | BF57: – | BG57: – | BH57: – | BI57: 2.9 | BJ57: – | BK57: 0.349 | BL57: 14.2 | BM57: 2.62 | BN57: 1.65 | BO57: 3.95 | BP57: 1.97 | BQ57: 1.4 | BR57: 0.748 | BS57: 5.42 | BT57: 8.61 | BU57: 3.59 | BV57: 1.02 | BW57: 1.44 | BX57: 2.69 | BY57: – | BZ57: – | CA57: 15.5 | CB57: 13 | CC57: 19 | CD57: – | CE57: – | CF57: – | CG57: – | CH57: – | CL57: A354 Gr. BC | CM57: Group A | CN57: Group B - N | CO57: 68 | CS57: =VLOOKUP(CT57,$G$3:$H$139,2,FALSE) -> L4X4X5/8 | CT57: 4.61 | CV57: =VLOOKUP(CW57,$G$140:$H$422,2,FALSE) -> WT20X147 | CW57: 43.1 | DE57: =VLOOKUP(DF57,$G$465:$H$647,2,FALSE) -> 2L6X6X3/4 | DF57: 16.9 | DH57: W33X387 | DI57: 114 | DJ57: 36 | DK57: 1.26 | DL57: 23.7 | DM57: 3.55 | DN57: 1560 | DO57: 1350 | DQ57: W14X500 | DR57: 1050 | DS57: 8210 | DT57: W16X31 | DU57: 54 | DV57: 31 | DW57: =VLOOKUP(DT57,$DQ$4:$DR$276,2,FALSE) -> 54 | DX57: =VLOOKUP(DT57,$DQ$4:$DS$276,3,FALSE) -> 375 | DZ57: W36X170 | EA57: 170 | EB57: 50 | EC57: 36.2 | ED57: 36 1/8 | EE57: 0.68 | EF57: 45246 | EG57: 44993 | EH57: 12 | EI57: 12 | EJ57: 1.1 | EK57: 1 1/8 | EL57: 5.47 | EM57: 47.7 | EN57: 10500 | EO57: 581 | EP57: 14.5 | EQ57: 668 | ER57: 320 | ES57: 53.2 | ET57: 2.53 | EU57: 83.8
B58: L | C58: L6X3-1/2X5/16 | D58: L6X3-1/2X5/16 | E58: F | F58: 9.8 | G58: 2.89 | H58: =D58 -> L6X3-1/2X5/16 | I58: 3.5 | J58: – | K58: – | L58: – | M58: – | N58: – | O58: – | P58: – | Q58: 6 | R58: – | S58: – | T58: – | U58: – | V58: – | W58: – | X58: 0.313 | Y58: – | Z58: – | AA58: 0.813 | AB58: 0.8125 | AC58: – | AD58: 0.756 | AE58: 2 | AF58: – | AG58: 0.241 | AH58: 1.38 | AI58: – | AJ58: 19.2 | AK58: – | AL58: – | AM58: – | AN58: – | AO58: 10.9 | AP58: 4.84 | AQ58: 2.72 | AR58: 1.94 | AS58: 2.84 | AT58: 1.82 | AU58: 1.03 | AV58: 0.991 | AW58: 1.7 | AX58: 0.767 | AY58: 0.859 | AZ58: 0.099 | BA58: 0.201 | BB58: – | BC58: – | BD58: – | BE58: – | BF58: – | BG58: – | BH58: – | BI58: 2.92 | BJ58: – | BK58: 0.352 | BL58: 12 | BM58: 2.65 | BN58: 1.64 | BO58: 3.97 | BP58: 1.98 | BQ58: 1.38 | BR58: 0.764 | BS58: 4.53 | BT58: 7.32 | BU58: 3.02 | BV58: 0.859 | BW58: 1.23 | BX58: 2.23 | BY58: – | BZ58: – | CA58: 15.5 | CB58: 13 | CC58: 19 | CD58: – | CE58: – | CF58: – | CG58: – | CH58: – | CL58: A490 | CM58: Group B | CN58: Group C - X | CO58: 113 | CS58: =VLOOKUP(CT58,$G$3:$H$139,2,FALSE) -> L6X3-1/2X1/2 | CT58: 4.5 | CV58: =VLOOKUP(CW58,$G$140:$H$422,2,FALSE) -> WT15X146 | CW58: 43 | DE58: =VLOOKUP(DF58,$G$465:$H$647,2,FALSE) -> 2L6X6X3/4 | DF58: 16.9 | DH58: W33X354 | DI58: 104 | DJ58: 35.6 | DK58: 1.16 | DL58: 25.7 | DM58: 3.85 | DN58: 1420 | DO58: 1240 | DQ58: W36X256 | DR58: 1040 | DS58: 16800 | DT58: W14X30 | DU58: 47.3 | DV58: 30 | DW58: =VLOOKUP(DT58,$DQ$4:$DR$276,2,FALSE) -> 47.3 | DX58: =VLOOKUP(DT58,$DQ$4:$DS$276,3,FALSE) -> 291 | DZ58: W36X160 | EA58: 160 | EB58: 47 | EC58: 36 | ED58: 36 | EE58: 0.65 | EF58: 45054 | EG58: 45062 | EH58: 12 | EI58: 12 | EJ58: 1.02 | EK58: 1 | EL58: 5.88 | EM58: 49.9 | EN58: 9760 | EO58: 542 | EP58: 14.4 | EQ58: 624 | ER58: 295 | ES58: 49.1 | ET58: 2.5 | EU58: 77.3
B59: L | C59: L5X5X7/8 | D59: L5X5X7/8 | E59: F | F59: 27.2 | G59: 8 | H59: =D59 -> L5X5X7/8 | I59: 5 | J59: – | K59: – | L59: – | M59: – | N59: – | O59: – | P59: – | Q59: 5 | R59: – | S59: – | T59: – | U59: – | V59: – | W59: – | X59: 0.875 | Y59: – | Z59: – | AA59: 1.38 | AB59: 1.375 | AC59: – | AD59: 1.56 | AE59: 1.56 | AF59: – | AG59: 0.8 | AH59: 0.8 | AI59: – | AJ59: 5.71 | AK59: – | AL59: – | AM59: – | AN59: – | AO59: 17.8 | AP59: 9.31 | AQ59: 5.16 | AR59: 1.49 | AS59: 17.8 | AT59: 9.31 | AU59: 5.16 | AV59: 1.49 | AW59: 7.6 | AX59: 0.971 | AY59: 3.44 | AZ59: 2.07 | BA59: 3.53 | BB59: – | BC59: – | BD59: – | BE59: – | BF59: – | BG59: – | BH59: – | BI59: 2.64 | BJ59: 0.64 | BK59: 1 | BL59: 28 | BM59: 3.23 | BN59: 0 | BO59: 3.23 | BP59: 1.64 | BQ59: 2.21 | BR59: 1.64 | BS59: 8.67 | BT59: – | BU59: 8.67 | BV59: 4.63 | BW59: 3.44 | BX59: 4.63 | BY59: – | BZ59: – | CA59: 15 | CB59: 15 | CC59: 20 | CD59: – | CE59: – | CF59: – | CG59: – | CH59: – | CL59: A490M | CM59: Group B | CN59: Group C - X | CO59: 90 | CS59: =VLOOKUP(CT59,$G$3:$H$139,2,FALSE) -> L6X6X3/8 | CT59: 4.38 | CV59: =VLOOKUP(CW59,$G$140:$H$422,2,FALSE) -> WT16.5X145.5 | CW59: 42.8 | DE59: =VLOOKUP(DF59,$G$465:$H$647,2,FALSE) -> 2L6X6X3/4 | DF59: 16.9 | DH59: W33X318 | DI59: 93.7 | DJ59: 35.2 | DK59: 1.04 | DL59: 28.7 | DM59: 4.23 | DN59: 1270 | DO59: 1110 | DQ59: W33X263 | DR59: 1040 | DS59: 15900 | DT59: W16X26 | DU59: 44.2 | DV59: 26 | DW59: =VLOOKUP(DT59,$DQ$4:$DR$276,2,FALSE) -> 44.2 | DX59: =VLOOKUP(DT59,$DQ$4:$DS$276,3,FALSE) -> 301 | DZ59: W36X150 | EA59: 150 | EB59: 44.3 | EC59: 35.9 | ED59: 35 7/8 | EE59: 0.625 | EF59: 45054 | EG59: 45062 | EH59: 12 | EI59: 12 | EJ59: 0.94 | EK59: 15/16 | EL59: 6.37 | EM59: 51.9 | EN59: 9040 | EO59: 504 | EP59: 14.3 | EQ59: 581 | ER59: 270 | ES59: 45.1 | ET59: 2.47 | EU59: 70.9
B60: L | C60: L5X5X3/4 | D60: L5X5X3/4 | E60: F | F60: 23.6 | G60: 6.98 | H60: =D60 -> L5X5X3/4 | I60: 5 | J60: – | K60: – | L60: – | M60: – | N60: – | O60: – | P60: – | Q60: 5 | R60: – | S60: – | T60: – | U60: – | V60: – | W60: – | X60: 0.75 | Y60: – | Z60: – | AA60: 1.25 | AB60: 1.25 | AC60: – | AD60: 1.52 | AE60: 1.52 | AF60: – | AG60: 0.698 | AH60: 0.698 | AI60: – | AJ60: 6.67 | AK60: – | AL60: – | AM60: – | AN60: – | AO60: 15.7 | AP60: 8.14 | AQ60: 4.52 | AR60: 1.5 | AS60: 15.7 | AT60: 8.14 | AU60: 4.52 | AV60: 1.5 | AW60: 6.55 | AX60: 0.972 | AY60: 3.05 | AZ60: 1.33 | BA60: 2.32 | BB60: – | BC60: – | BD60: – | BE60: – | BF60: – | BG60: – | BH60: – | BI60: 2.67 | BJ60: 0.63 | BK60: 1 | BL60: 24.8 | BM60: 3.27 | BN60: 0 | BO60: 3.27 | BP60: 1.65 | BQ60: 2.15 | BR60: 1.65 | BS60: 7.58 | BT60: – | BU60: 7.58 | BV60: 3.97 | BW60: 3.05 | BX60: 3.97 | BY60: – | BZ60: – | CA60: 15 | CB60: 15 | CC60: 20 | CD60: – | CE60: – | CF60: – | CG60: – | CH60: – | CL60: F2280 | CM60: Group B | CS60: =VLOOKUP(CT60,$G$3:$H$139,2,FALSE) -> L5X5X7/16 | CT60: 4.22 | CV60: =VLOOKUP(CW60,$G$140:$H$422,2,FALSE) -> WT22X145 | CW60: 42.6 | DE60: =VLOOKUP(DF60,$G$465:$H$647,2,FALSE) -> 2L5X5X7/8 | DF60: 16 | DH60: W33X291 | DI60: 85.6 | DJ60: 34.8 | DK60: 0.96 | DL60: 31 | DM60: 4.6 | DN60: 1160 | DO60: 1020 | DQ60: W36X247 | DR60: 1030 | DS60: 16700 | DT60: W14X26 | DU60: 40.2 | DV60: 26 | DW60: =VLOOKUP(DT60,$DQ$4:$DR$276,2,FALSE) -> 40.2 | DX60: =VLOOKUP(DT60,$DQ$4:$DS$276,3,FALSE) -> 245 | DZ60: W36X135 | EA60: 135 | EB60: 39.9 | EC60: 35.6 | ED60: 35 1/2 | EE60: 0.6 | EF60: 45054 | EG60: 45062 | EH60: 12 | EI60: 12 | EJ60: 0.79 | EK60: 13/16 | EL60: 7.56 | EM60: 54.1 | EN60: 7800 | EO60: 439 | EP60: 14 | EQ60: 509 | ER60: 225 | ES60: 37.7 | ET60: 2.38 | EU60: 59.7
B61: L | C61: L5X5X5/8 | D61: L5X5X5/8 | E61: F | F61: 20 | G61: 5.9 | H61: =D61 -> L5X5X5/8 | I61: 5 | J61: – | K61: – | L61: – | M61: – | N61: – | O61: – | P61: – | Q61: 5 | R61: – | S61: – | T61: – | U61: – | V61: – | W61: – | X61: 0.625 | Y61: – | Z61: – | AA61: 1.13 | AB61: 1.125 | AC61: – | AD61: 1.47 | AE61: 1.47 | AF61: – | AG61: 0.59 | AH61: 0.59 | AI61: – | AJ61: 8 | AK61: – | AL61: – | AM61: – | AN61: – | AO61: 13.6 | AP61: 6.93 | AQ61: 3.85 | AR61: 1.52 | AS61: 13.6 | AT61: 6.93 | AU61: 3.85 | AV61: 1.52 | AW61: 5.62 | AX61: 0.975 | AY61: 2.7 | AZ61: 0.792 | BA61: 1.4 | BB61: – | BC61: – | BD61: – | BE61: – | BF61: – | BG61: – | BH61: – | BI61: 2.7 | BJ61: 0.63 | BK61: 1 | BL61: 21.6 | BM61: 3.31 | BN61: 0 | BO61: 3.31 | BP61: 1.68 | BQ61: 2.08 | BR61: 1.68 | BS61: 6.53 | BT61: – | BU61: 6.53 | BV61: 3.35 | BW61: 2.7 | BX61: 3.35 | BY61: – | BZ61: – | CA61: 15 | CB61: 15 | CC61: 20 | CD61: – | CE61: – | CF61: – | CG61: – | CH61: – | CL61: A354 Gr. BD | CM61: Group B | CS61: =VLOOKUP(CT61,$G$3:$H$139,2,FALSE) -> L6X4X7/16 | CT61: 4.18 | CV61: =VLOOKUP(CW61,$G$140:$H$422,2,FALSE) -> WT9X141.5 | CW61: 41.7 | DE61: =VLOOKUP(DF61,$G$465:$H$647,2,FALSE) -> 2L5X5X7/8 | DF61: 16 | DH61: W33X263 | DI61: 77.4 | DJ61: 34.5 | DK61: 0.87 | DL61: 34.3 | DM61: 5.03 | DN61: 1040 | DO61: 919 | DQ61: W27X307 | DR61: 1030 | DS61: 13100 | DT61: W12X26 | DU61: 37.2 | DV61: 26 | DW61: =VLOOKUP(DT61,$DQ$4:$DR$276,2,FALSE) -> 37.2 | DX61: =VLOOKUP(DT61,$DQ$4:$DS$276,3,FALSE) -> 204 | DZ61: W33X387 | EA61: 387 | EB61: 114 | EC61: 36 | ED61: 36 | EE61: 1.26 | EF61: 1 1/4 | EG61: 45054 | EH61: 16.2 | EI61: 16 1/4 | EJ61: 2.28 | EK61: 2 1/4 | EL61: 3.55 | EM61: 23.7 | EN61: 24300 | EO61: 1350 | EP61: 14.6 | EQ61: 1560 | ER61: 1620 | ES61: 200 | ET61: 3.77 | EU61: 312
B62: L | C62: L5X5X1/2 | D62: L5X5X1/2 | E62: F | F62: 16.2 | G62: 4.79 | H62: =D62 -> L5X5X1/2 | I62: 5 | J62: – | K62: – | L62: – | M62: – | N62: – | O62: – | P62: – | Q62: 5 | R62: – | S62: – | T62: – | U62: – | V62: – | W62: – | X62: 0.5 | Y62: – | Z62: – | AA62: 1 | AB62: 1 | AC62: – | AD62: 1.42 | AE62: 1.42 | AF62: – | AG62: 0.479 | AH62: 0.479 | AI62: – | AJ62: 10 | AK62: – | AL62: – | AM62: – | AN62: – | AO62: 11.3 | AP62: 5.66 | AQ62: 3.15 | AR62: 1.53 | AS62: 11.3 | AT62: 5.66 | AU62: 3.15 | AV62: 1.53 | AW62: 4.64 | AX62: 0.98 | AY62: 2.31 | AZ62: 0.417 | BA62: 0.744 | BB62: – | BC62: – | BD62: – | BE62: – | BF62: – | BG62: – | BH62: – | BI62: 2.73 | BJ62: 0.63 | BK62: 1 | BL62: 18 | BM62: 3.36 | BN62: 0 | BO62: 3.36 | BP62: 1.7 | BQ62: 2.01 | BR62: 1.7 | BS62: 5.36 | BT62: – | BU62: 5.36 | BV62: 2.73 | BW62: 2.31 | BX62: 2.73 | BY62: – | BZ62: – | CA62: 15 | CB62: 15 | CC62: 20 | CD62: – | CE62: – | CF62: – | CG62: – | CH62: – | CL62: F3043 | CM62: Group C | CS62: =VLOOKUP(CT62,$G$3:$H$139,2,FALSE) -> L7X4X3/8 | CT62: 4 | CV62: =VLOOKUP(CW62,$G$140:$H$422,2,FALSE) -> WT7X141.5 | CW62: 41.6 | DE62: =VLOOKUP(DF62,$G$465:$H$647,2,FALSE) -> 2L5X5X7/8 | DF62: 16 | DH62: W33X241 | DI62: 71.1 | DJ62: 34.2 | DK62: 0.83 | DL62: 35.9 | DM62: 5.66 | DN62: 940 | DO62: 831 | DQ62: W24X335 | DR62: 1020 | DS62: 11900 | DT62: W14X22 | DU62: 33.2 | DV62: 22 | DW62: =VLOOKUP(DT62,$DQ$4:$DR$276,2,FALSE) -> 33.2 | DX62: =VLOOKUP(DT62,$DQ$4:$DS$276,3,FALSE) -> 199 | DZ62: W33X354 | EA62: 354 | EB62: 104 | EC62: 35.6 | ED62: 35 1/2 | EE62: 1.16 | EF62: 1 3/16 | EG62: 45054 | EH62: 16.1 | EI62: 16 1/8 | EJ62: 2.09 | EK62: 2 1/16 | EL62: 3.85 | EM62: 25.7 | EN62: 22000 | EO62: 1240 | EP62: 14.5 | EQ62: 1420 | ER62: 1460 | ES62: 181 | ET62: 3.74 | EU62: 282
B63: L | C63: L5X5X7/16 | D63: L5X5X7/16 | E63: F | F63: 14.3 | G63: 4.22 | H63: =D63 -> L5X5X7/16 | I63: 5 | J63: – | K63: – | L63: – | M63: – | N63: – | O63: – | P63: – | Q63: 5 | R63: – | S63: – | T63: – | U63: – | V63: – | W63: – | X63: 0.438 | Y63: – | Z63: – | AA63: 0.938 | AB63: 0.9375 | AC63: – | AD63: 1.4 | AE63: 1.4 | AF63: – | AG63: 0.422 | AH63: 0.422 | AI63: – | AJ63: 11.4 | AK63: – | AL63: – | AM63: – | AN63: – | AO63: 10 | AP63: 5 | AQ63: 2.78 | AR63: 1.54 | AS63: 10 | AT63: 5 | AU63: 2.78 | AV63: 1.54 | AW63: 4.04 | AX63: 0.983 | AY63: 2.04 | AZ63: 0.284 | BA63: 0.508 | BB63: – | BC63: – | BD63: – | BE63: – | BF63: – | BG63: – | BH63: – | BI63: 2.74 | BJ63: 0.63 | BK63: 1 | BL63: 15.9 | BM63: 3.38 | BN63: 0 | BO63: 3.38 | BP63: 1.71 | BQ63: 1.98 | BR63: 1.71 | BS63: 4.7 | BT63: – | BU63: 4.7 | BV63: 2.36 | BW63: 2.04 | BX63: 2.36 | BY63: – | BZ63: – | CA63: 15 | CB63: 15 | CC63: 20 | CD63: – | CE63: – | CF63: – | CG63: – | CH63: – | CL63: F3111 | CM63: Group C | CS63: =VLOOKUP(CT63,$G$3:$H$139,2,FALSE) -> L7X4X3/8 | CT63: 4 | CV63: =VLOOKUP(CW63,$G$140:$H$422,2,FALSE) -> WT18X141 | CW63: 41.5 | DE63: =VLOOKUP(DF63,$G$465:$H$647,2,FALSE) -> 2L8X8X1/2 | DF63: 15.7 | DH63: W33X221 | DI63: 65.3 | DJ63: 33.9 | DK63: 0.775 | DL63: 38.5 | DM63: 6.2 | DN63: 857 | DO63: 759 | DQ63: W40X235 | DR63: 1010 | DS63: 17400 | DT63: W12X22 | DU63: 29.3 | DV63: 22 | DW63: =VLOOKUP(DT63,$DQ$4:$DR$276,2,FALSE) -> 29.3 | DX63: =VLOOKUP(DT63,$DQ$4:$DS$276,3,FALSE) -> 156 | DZ63: W33X318 | EA63: 318 | EB63: 93.7 | EC63: 35.2 | ED63: 35 1/8 | EE63: 1.04 | EF63: 1 1/16 | EG63: 45185 | EH63: 16 | EI63: 16 | EJ63: 1.89 | EK63: 1 7/8 | EL63: 4.23 | EM63: 28.7 | EN63: 19500 | EO63: 1110 | EP63: 14.5 | EQ63: 1270 | ER63: 1290 | ES63: 161 | ET63: 3.71 | EU63: 250
B64: L | C64: L5X5X3/8 | D64: L5X5X3/8 | E64: F | F64: 12.3 | G64: 3.65 | H64: =D64 -> L5X5X3/8 | I64: 5 | J64: – | K64: – | L64: – | M64: – | N64: – | O64: – | P64: – | Q64: 5 | R64: – | S64: – | T64: – | U64: – | V64: – | W64: – | X64: 0.375 | Y64: – | Z64: – | AA64: 0.875 | AB64: 0.875 | AC64: – | AD64: 1.37 | AE64: 1.37 | AF64: – | AG64: 0.365 | AH64: 0.365 | AI64: – | AJ64: 13.3 | AK64: – | AL64: – | AM64: – | AN64: – | AO64: 8.76 | AP64: 4.33 | AQ64: 2.41 | AR64: 1.55 | AS64: 8.76 | AT64: 4.33 | AU64: 2.41 | AV64: 1.55 | AW64: 3.55 | AX64: 0.986 | AY64: 1.83 | AZ64: 0.183 | BA64: 0.327 | BB64: – | BC64: – | BD64: – | BE64: – | BF64: – | BG64: – | BH64: – | BI64: 2.76 | BJ64: 0.63 | BK64: 1 | BL64: 14 | BM64: 3.4 | BN64: 0 | BO64: 3.4 | BP64: 1.73 | BQ64: 1.94 | BR64: 1.73 | BS64: 4.12 | BT64: – | BU64: 4.12 | BV64: 2.05 | BW64: 1.83 | BX64: 2.05 | BY64: – | BZ64: – | CA64: 15 | CB64: 15 | CC64: 20 | CD64: – | CE64: – | CF64: – | CG64: – | CH64: – | CS64: =VLOOKUP(CT64,$G$3:$H$139,2,FALSE) -> L4X3X5/8 | CT64: 3.99 | CV64: =VLOOKUP(CW64,$G$140:$H$422,2,FALSE) -> WT18X141 | CW64: 41.5 | DE64: =VLOOKUP(DF64,$G$465:$H$647,2,FALSE) -> 2L8X8X1/2 | DF64: 15.7 | DH64: W33X201 | DI64: 59.1 | DJ64: 33.7 | DK64: 0.715 | DL64: 41.7 | DM64: 6.85 | DN64: 773 | DO64: 686 | DQ64: W40X215 | DR64: 964 | DS64: 16700 | DT64: W10X22 | DU64: 26 | DV64: 22 | DW64: =VLOOKUP(DT64,$DQ$4:$DR$276,2,FALSE) -> 26 | DX64: =VLOOKUP(DT64,$DQ$4:$DS$276,3,FALSE) -> 118 | DZ64: W33X291 | EA64: 291 | EB64: 85.6 | EC64: 34.8 | ED64: 34 7/8 | EE64: 0.96 | EF64: 15/16 | EG64: 44928 | EH64: 15.9 | EI64: 15 7/8 | EJ64: 1.73 | EK64: 1 3/4 | EL64: 4.6 | EM64: 31 | EN64: 17700 | EO64: 1020 | EP64: 14.4 | EQ64: 1160 | ER64: 1160 | ES64: 146 | ET64: 3.68 | EU64: 226
B65: L | C65: L5X5X5/16 | D65: L5X5X5/16 | E65: F | F65: 10.3 | G65: 3.07 | H65: =D65 -> L5X5X5/16 | I65: 5 | J65: – | K65: – | L65: – | M65: – | N65: – | O65: – | P65: – | Q65: 5 | R65: – | S65: – | T65: – | U65: – | V65: – | W65: – | X65: 0.313 | Y65: – | Z65: – | AA65: 0.813 | AB65: 0.8125 | AC65: – | AD65: 1.35 | AE65: 1.35 | AF65: – | AG65: 0.307 | AH65: 0.307 | AI65: – | AJ65: 16 | AK65: – | AL65: – | AM65: – | AN65: – | AO65: 7.44 | AP65: 3.65 | AQ65: 2.04 | AR65: 1.56 | AS65: 7.44 | AT65: 3.65 | AU65: 2.04 | AV65: 1.56 | AW65: 3 | AX65: 0.99 | AY65: 1.57 | AZ65: 0.108 | BA65: 0.193 | BB65: – | BC65: – | BD65: – | BE65: – | BF65: – | BG65: – | BH65: – | BI65: 2.77 | BJ65: 0.63 | BK65: 1 | BL65: 11.9 | BM65: 3.42 | BN65: 0 | BO65: 3.42 | BP65: 1.74 | BQ65: 1.91 | BR65: 1.74 | BS65: 3.48 | BT65: – | BU65: 3.48 | BV65: 1.72 | BW65: 1.57 | BX65: 1.72 | BY65: – | BZ65: – | CA65: 15 | CB65: 15 | CC65: 20 | CD65: – | CE65: – | CF65: – | CG65: – | CH65: – | CS65: =VLOOKUP(CT65,$G$3:$H$139,2,FALSE) -> L5X3X1/2 | CT65: 3.75 | CV65: =VLOOKUP(CW65,$G$140:$H$422,2,FALSE) -> WT20X139 | CW65: 41 | DE65: =VLOOKUP(DF65,$G$465:$H$647,2,FALSE) -> 2L8X8X1/2 | DF65: 15.7 | DH65: W33X169 | DI65: 49.5 | DJ65: 33.8 | DK65: 0.67 | DL65: 44.7 | DM65: 4.71 | DN65: 629 | DO65: 549 | DQ65: W36X231 | DR65: 963 | DS65: 15600 | DT65: W12X19 | DU65: 24.7 | DV65: 19 | DW65: =VLOOKUP(DT65,$DQ$4:$DR$276,2,FALSE) -> 24.7 | DX65: =VLOOKUP(DT65,$DQ$4:$DS$276,3,FALSE) -> 130 | DZ65: W33X263 | EA65: 263 | EB65: 77.4 | EC65: 34.5 | ED65: 34 1/2 | EE65: 0.87 | EF65: 45115 | EG65: 45123 | EH65: 15.8 | EI65: 15 3/4 | EJ65: 1.57 | EK65: 1 9/16 | EL65: 5.03 | EM65: 34.3 | EN65: 15900 | EO65: 919 | EP65: 14.3 | EQ65: 1040 | ER65: 1040 | ES65: 131 | ET65: 3.66 | EU65: 202
B66: L | C66: L5X3-1/2X3/4 | D66: L5X3-1/2X3/4 | E66: F | F66: 19.8 | G66: 5.85 | H66: =D66 -> L5X3-1/2X3/4 | I66: 3.5 | J66: – | K66: – | L66: – | M66: – | N66: – | O66: – | P66: – | Q66: 5 | R66: – | S66: – | T66: – | U66: – | V66: – | W66: – | X66: 0.75 | Y66: – | Z66: – | AA66: 1.19 | AB66: 1.1875 | AC66: – | AD66: 0.993 | AE66: 1.74 | AF66: – | AG66: 0.585 | AH66: 1.1 | AI66: – | AJ66: 6.67 | AK66: – | AL66: – | AM66: – | AN66: – | AO66: 13.9 | AP66: 7.6 | AQ66: 4.26 | AR66: 1.55 | AS66: 5.52 | AT66: 4.07 | AU66: 2.2 | AV66: 0.974 | AW66: 3.23 | AX66: 0.744 | AY66: 1.9 | AZ66: 1.09 | BA66: 1.52 | BB66: – | BC66: – | BD66: – | BE66: – | BF66: – | BG66: – | BH66: – | BI66: 2.36 | BJ66: – | BK66: 0.464 | BL66: 16.2 | BM66: 2.29 | BN66: 1.16 | BO66: 3.22 | BP66: 1.7 | BQ66: 1.63 | BR66: 0.81 | BS66: 7.07 | BT66: 14 | BU66: 5.03 | BV66: 1.9 | BW66: 1.98 | BX66: 3.99 | BY66: – | BZ66: – | CA66: 13.5 | CB66: 12 | CC66: 17 | CD66: – | CE66: – | CF66: – | CG66: – | CH66: – | CL66: Bolt Sizes Pretension (Tb) | CS66: =VLOOKUP(CT66,$G$3:$H$139,2,FALSE) -> L5X3X1/2 | CT66: 3.75 | CV66: =VLOOKUP(CW66,$G$140:$H$422,2,FALSE) -> WT20X139 | CW66: 41 | DE66: =VLOOKUP(DF66,$G$465:$H$647,2,FALSE) -> 2L6X6X5/8 | DF66: 14.3 | DH66: W33X152 | DI66: 44.9 | DJ66: 33.5 | DK66: 0.635 | DL66: 47.2 | DM66: 5.48 | DN66: 559 | DO66: 487 | DQ66: W30X261 | DR66: 943 | DS66: 13100 | DT66: W10X19 | DU66: 21.6 | DV66: 19 | DW66: =VLOOKUP(DT66,$DQ$4:$DR$276,2,FALSE) -> 21.6 | DX66: =VLOOKUP(DT66,$DQ$4:$DS$276,3,FALSE) -> 96.3 | DZ66: W33X241 | EA66: 241 | EB66: 71.1 | EC66: 34.2 | ED66: 34 1/8 | EE66: 0.83 | EF66: 13/16 | EG66: 45123 | EH66: 15.9 | EI66: 15 7/8 | EJ66: 1.4 | EK66: 1 3/8 | EL66: 5.66 | EM66: 35.9 | EN66: 14200 | EO66: 831 | EP66: 14.1 | EQ66: 940 | ER66: 933 | ES66: 118 | ET66: 3.62 | EU66: 182
B67: L | C67: L5X3-1/2X5/8 | D67: L5X3-1/2X5/8 | E67: F | F67: 16.8 | G67: 4.93 | H67: =D67 -> L5X3-1/2X5/8 | I67: 3.5 | J67: – | K67: – | L67: – | M67: – | N67: – | O67: – | P67: – | Q67: 5 | R67: – | S67: – | T67: – | U67: – | V67: – | W67: – | X67: 0.625 | Y67: – | Z67: – | AA67: 1.06 | AB67: 1.0625 | AC67: – | AD67: 0.947 | AE67: 1.69 | AF67: – | AG67: 0.493 | AH67: 1.06 | AI67: – | AJ67: 8 | AK67: – | AL67: – | AM67: – | AN67: – | AO67: 12 | AP67: 6.5 | AQ67: 3.63 | AR67: 1.56 | AS67: 4.8 | AT67: 3.43 | AU67: 1.88 | AV67: 0.987 | AW67: 2.74 | AX67: 0.746 | AY67: 1.59 | AZ67: 0.651 | BA67: 0.918 | BB67: – | BC67: – | BD67: – | BE67: – | BF67: – | BG67: – | BH67: – | BI67: 2.39 | BJ67: – | BK67: 0.472 | BL67: 14.1 | BM67: 2.33 | BN67: 1.12 | BO67: 3.26 | BP67: 1.72 | BQ67: 1.58 | BR67: 0.838 | BS67: 6.05 | BT67: 12.6 | BU67: 4.33 | BV67: 1.59 | BW67: 1.73 | BX67: 3.27 | BY67: – | BZ67: – | CA67: 13.5 | CB67: 12 | CC67: 17 | CD67: – | CE67: – | CF67: – | CG67: – | CH67: – | CL67: Sizes | CM67: Group A | CN67: Group B | CO67: Group C | CP67: Minimum Edge Distance | CS67: =VLOOKUP(CT67,$G$3:$H$139,2,FALSE) -> L6X6X5/16 | CT67: 3.67 | CV67: =VLOOKUP(CW67,$G$140:$H$422,2,FALSE) -> WT20X139 | CW67: 41 | DE67: =VLOOKUP(DF67,$G$465:$H$647,2,FALSE) -> 2L6X6X5/8 | DF67: 14.3 | DH67: W33X141 | DI67: 41.5 | DJ67: 33.3 | DK67: 0.605 | DL67: 49.6 | DM67: 6.01 | DN67: 514 | DO67: 448 | DQ67: W33X241 | DR67: 940 | DS67: 14200 | DT67: W12X16 | DU67: 20.1 | DV67: 16 | DW67: =VLOOKUP(DT67,$DQ$4:$DR$276,2,FALSE) -> 20.1 | DX67: =VLOOKUP(DT67,$DQ$4:$DS$276,3,FALSE) -> 103 | DZ67: W33X221 | EA67: 221 | EB67: 65.3 | EC67: 33.9 | ED67: 33 7/8 | EE67: 0.775 | EF67: 44989 | EG67: 44993 | EH67: 15.8 | EI67: 15 3/4 | EJ67: 1.28 | EK67: 1 1/4 | EL67: 6.2 | EM67: 38.5 | EN67: 12900 | EO67: 759 | EP67: 14.1 | EQ67: 857 | ER67: 840 | ES67: 106 | ET67: 3.59 | EU67: 164
B68: L | C68: L5X3-1/2X1/2 | D68: L5X3-1/2X1/2 | E68: F | F68: 13.6 | G68: 4 | H68: =D68 -> L5X3-1/2X1/2 | I68: 3.5 | J68: – | K68: – | L68: – | M68: – | N68: – | O68: – | P68: – | Q68: 5 | R68: – | S68: – | T68: – | U68: – | V68: – | W68: – | X68: 0.5 | Y68: – | Z68: – | AA68: 0.938 | AB68: 0.9375 | AC68: – | AD68: 0.901 | AE68: 1.65 | AF68: – | AG68: 0.4 | AH68: 1 | AI68: – | AJ68: 10 | AK68: – | AL68: – | AM68: – | AN68: – | AO68: 10 | AP68: 5.33 | AQ68: 2.97 | AR68: 1.58 | AS68: 4.02 | AT68: 2.79 | AU68: 1.55 | AV68: 1 | AW68: 2.26 | AX68: 0.75 | AY68: 1.3 | AZ68: 0.343 | BA68: 0.491 | BB68: – | BC68: – | BD68: – | BE68: – | BF68: – | BG68: – | BH68: – | BI68: 2.42 | BJ68: – | BK68: 0.479 | BL68: 11.8 | BM68: 2.38 | BN68: 1.1 | BO68: 3.3 | BP68: 1.74 | BQ68: 1.52 | BR68: 0.854 | BS68: 4.96 | BT68: 10.7 | BU68: 3.58 | BV68: 1.3 | BW68: 1.49 | BX68: 2.65 | BY68: – | BZ68: – | CA68: 13.5 | CB68: 12 | CC68: 17 | CD68: – | CE68: – | CF68: – | CG68: – | CH68: – | CL68: 0.5 | CM68: 12 | CN68: 15 | CO68: 1 | CP68: 0.75 | CS68: =VLOOKUP(CT68,$G$3:$H$139,2,FALSE) -> L5X5X3/8 | CT68: 3.65 | CV68: =VLOOKUP(CW68,$G$140:$H$422,2,FALSE) -> WT10.5X137.5 | CW68: 40.9 | DE68: =VLOOKUP(DF68,$G$465:$H$647,2,FALSE) -> 2L6X6X5/8 | DF68: 14.3 | DH68: W33X130 | DI68: 38.3 | DJ68: 33.1 | DK68: 0.58 | DL68: 51.7 | DM68: 6.73 | DN68: 467 | DO68: 406 | DQ68: W36X232 | DR68: 936 | DS68: 15000 | DT68: W12X14 | DU68: 17.4 | DV68: 14 | DW68: =VLOOKUP(DT68,$DQ$4:$DR$276,2,FALSE) -> 17.4 | DX68: =VLOOKUP(DT68,$DQ$4:$DS$276,3,FALSE) -> 88.6 | DZ68: W33X201 | EA68: 201 | EB68: 59.1 | EC68: 33.7 | ED68: 33 5/8 | EE68: 0.715 | EF68: 45246 | EG68: 44993 | EH68: 15.7 | EI68: 15 3/4 | EJ68: 1.15 | EK68: 1 1/8 | EL68: 6.85 | EM68: 41.7 | EN68: 11600 | EO68: 686 | EP68: 14 | EQ68: 773 | ER68: 749 | ES68: 95.2 | ET68: 3.56 | EU68: 147
B69: L | C69: L5X3-1/2X3/8 | D69: L5X3-1/2X3/8 | E69: F | F69: 10.4 | G69: 3.05 | H69: =D69 -> L5X3-1/2X3/8 | I69: 3.5 | J69: – | K69: – | L69: – | M69: – | N69: – | O69: – | P69: – | Q69: 5 | R69: – | S69: – | T69: – | U69: – | V69: – | W69: – | X69: 0.375 | Y69: – | Z69: – | AA69: 0.813 | AB69: 0.8125 | AC69: – | AD69: 0.854 | AE69: 1.6 | AF69: – | AG69: 0.305 | AH69: 0.933 | AI69: – | AJ69: 13.3 | AK69: – | AL69: – | AM69: – | AN69: – | AO69: 7.75 | AP69: 4.09 | AQ69: 2.28 | AR69: 1.59 | AS69: 3.15 | AT69: 2.12 | AU69: 1.19 | AV69: 1.02 | AW69: 1.73 | AX69: 0.755 | AY69: 0.983 | AZ69: 0.15 | BA69: 0.217 | BB69: – | BC69: – | BD69: – | BE69: – | BF69: – | BG69: – | BH69: – | BI69: 2.45 | BJ69: – | BK69: 0.485 | BL69: 9.16 | BM69: 2.43 | BN69: 1.07 | BO69: 3.35 | BP69: 1.76 | BQ69: 1.47 | BR69: 0.884 | BS69: 3.77 | BT69: 8.56 | BU69: 2.73 | BV69: 0.983 | BW69: 1.18 | BX69: 1.96 | BY69: – | BZ69: – | CA69: 13.5 | CB69: 12 | CC69: 17 | CD69: – | CE69: – | CF69: – | CG69: – | CH69: – | CL69: 0.625 | CM69: 19 | CN69: 24 | CO69: 1 | CP69: 0.875 | CS69: =VLOOKUP(CT69,$G$3:$H$139,2,FALSE) -> L6X4X3/8 | CT69: 3.61 | CV69: =VLOOKUP(CW69,$G$140:$H$422,2,FALSE) -> WT20X138.5 | CW69: 40.7 | DE69: =VLOOKUP(DF69,$G$465:$H$647,2,FALSE) -> 2L5X5X3/4 | DF69: 14 | DH69: W33X118 | DI69: 34.7 | DJ69: 32.9 | DK69: 0.55 | DL69: 54.5 | DM69: 7.76 | DN69: 415 | DO69: 359 | DQ69: W27X281 | DR69: 936 | DS69: 11900 | DT69: W10X12 | DU69: 12.6 | DV69: 12 | DW69: =VLOOKUP(DT69,$DQ$4:$DR$276,2,FALSE) -> 12.6 | DX69: =VLOOKUP(DT69,$DQ$4:$DS$276,3,FALSE) -> 53.8 | DZ69: W33X169 | EA69: 169 | EB69: 49.5 | EC69: 33.8 | ED69: 33 7/8 | EE69: 0.67 | EF69: 45246 | EG69: 44993 | EH69: 11.5 | EI69: 11 1/2 | EJ69: 1.22 | EK69: 1 1/4 | EL69: 4.71 | EM69: 44.7 | EN69: 9290 | EO69: 549 | EP69: 13.7 | EQ69: 629 | ER69: 310 | ES69: 53.9 | ET69: 2.5 | EU69: 84.4
B70: L | C70: L5X3-1/2X5/16 | D70: L5X3-1/2X5/16 | E70: F | F70: 8.7 | G70: 2.56 | H70: =D70 -> L5X3-1/2X5/16 | I70: 3.5 | J70: – | K70: – | L70: – | M70: – | N70: – | O70: – | P70: – | Q70: 5 | R70: – | S70: – | T70: – | U70: – | V70: – | W70: – | X70: 0.313 | Y70: – | Z70: – | AA70: 0.75 | AB70: 0.75 | AC70: – | AD70: 0.829 | AE70: 1.57 | AF70: – | AG70: 0.256 | AH70: 0.904 | AI70: – | AJ70: 16 | AK70: – | AL70: – | AM70: – | AN70: – | AO70: 6.58 | AP70: 3.45 | AQ70: 1.92 | AR70: 1.6 | AS70: 2.69 | AT70: 1.77 | AU70: 1.01 | AV70: 1.02 | AW70: 1.47 | AX70: 0.758 | AY70: 0.826 | AZ70: 0.0883 | BA70: 0.128 | BB70: – | BC70: – | BD70: – | BE70: – | BF70: – | BG70: – | BH70: – | BI70: 2.47 | BJ70: – | BK70: 0.489 | BL70: 7.8 | BM70: 2.44 | BN70: 1.05 | BO70: 3.38 | BP70: 1.78 | BQ70: 1.43 | BR70: 0.902 | BS70: 3.2 | BT70: 7.43 | BU70: 2.31 | BV70: 0.826 | BW70: 1.03 | BX70: 1.63 | BY70: – | BZ70: – | CA70: 13.5 | CB70: 12 | CC70: 17 | CD70: – | CE70: – | CF70: – | CG70: – | CH70: – | CL70: 0.75 | CM70: 28 | CN70: 35 | CO70: 1 | CP70: 1 | CS70: =VLOOKUP(CT70,$G$3:$H$139,2,FALSE) -> L4X3-1/2X1/2 | CT70: 3.5 | CV70: =VLOOKUP(CW70,$G$140:$H$422,2,FALSE) -> WT20X132 | CW70: 38.7 | DE70: =VLOOKUP(DF70,$G$465:$H$647,2,FALSE) -> 2L5X5X3/4 | DF70: 14 | DH70: W30X391 | DI70: 115 | DJ70: 33.2 | DK70: 1.36 | DL70: 19.7 | DM70: 3.19 | DN70: 1450 | DO70: 1250 | DQ70: W14X455 | DR70: 936 | DS70: 7190 | DT70: W8X10 | DU70: 8.87 | DV70: 10 | DW70: =VLOOKUP(DT70,$DQ$4:$DR$276,2,FALSE) -> 8.87 | DX70: =VLOOKUP(DT70,$DQ$4:$DS$276,3,FALSE) -> 30.8 | DZ70: W33X152 | EA70: 152 | EB70: 44.9 | EC70: 33.5 | ED70: 33 1/2 | EE70: 0.635 | EF70: 45054 | EG70: 45062 | EH70: 11.6 | EI70: 11 5/8 | EJ70: 1.06 | EK70: 1 1/16 | EL70: 5.48 | EM70: 47.2 | EN70: 8160 | EO70: 487 | EP70: 13.5 | EQ70: 559 | ER70: 273 | ES70: 47.2 | ET70: 2.47 | EU70: 73.9
B71: L | C71: L5X3-1/2X1/4 | D71: L5X3-1/2X1/4 | E71: F | F71: 7 | G71: 2.07 | H71: =D71 -> L5X3-1/2X1/4 | I71: 3.5 | J71: – | K71: – | L71: – | M71: – | N71: – | O71: – | P71: – | Q71: 5 | R71: – | S71: – | T71: – | U71: – | V71: – | W71: – | X71: 0.25 | Y71: – | Z71: – | AA71: 0.688 | AB71: 0.6875 | AC71: – | AD71: 0.804 | AE71: 1.55 | AF71: – | AG71: 0.207 | AH71: 0.86 | AI71: – | AJ71: 20 | AK71: – | AL71: – | AM71: – | AN71: – | AO71: 5.36 | AP71: 2.78 | AQ71: 1.55 | AR71: 1.61 | AS71: 2.2 | AT71: 1.42 | AU71: 0.816 | AV71: 1.03 | AW71: 1.19 | AX71: 0.761 | AY71: 0.665 | AZ71: 0.0464 | BA71: 0.067 | BB71: – | BC71: – | BD71: – | BE71: – | BF71: – | BG71: – | BH71: – | BI71: 2.48 | BJ71: – | BK71: 0.491 | BL71: 6.37 | BM71: 2.47 | BN71: 1.04 | BO71: 3.4 | BP71: 1.79 | BQ71: 1.41 | BR71: 0.912 | BS71: 2.58 | BT71: 6.13 | BU71: 1.87 | BV71: 0.665 | BW71: 0.844 | BX71: 1.3 | BY71: – | BZ71: – | CA71: 13.5 | CB71: 12 | CC71: 17 | CD71: – | CE71: – | CF71: – | CG71: – | CH71: – | CL71: 0.875 | CM71: 39 | CN71: 49 | CO71: 1 | CP71: 1.125 | CS71: =VLOOKUP(CT71,$G$3:$H$139,2,FALSE) -> L6X3-1/2X3/8 | CT71: 3.44 | CV71: =VLOOKUP(CW71,$G$140:$H$422,2,FALSE) -> WT20X132 | CW71: 38.7 | DE71: =VLOOKUP(DF71,$G$465:$H$647,2,FALSE) -> 2L5X5X3/4 | DF71: 14 | DH71: W30X357 | DI71: 105 | DJ71: 32.8 | DK71: 1.24 | DL71: 21.6 | DM71: 3.45 | DN71: 1320 | DO71: 1140 | DQ71: W24X306 | DR71: 922 | DS71: 10700 | DZ71: W33X141 | EA71: 141 | EB71: 41.5 | EC71: 33.3 | ED71: 33 1/4 | EE71: 0.605 | EF71: 45054 | EG71: 45062 | EH71: 11.5 | EI71: 11 1/2 | EJ71: 0.96 | EK71: 15/16 | EL71: 6.01 | EM71: 49.6 | EN71: 7450 | EO71: 448 | EP71: 13.4 | EQ71: 514 | ER71: 246 | ES71: 42.7 | ET71: 2.43 | EU71: 66.9
B72: L | C72: L5X3X1/2 | D72: L5X3X1/2 | E72: F | F72: 12.8 | G72: 3.75 | H72: =D72 -> L5X3X1/2 | I72: 3 | J72: – | K72: – | L72: – | M72: – | N72: – | O72: – | P72: – | Q72: 5 | R72: – | S72: – | T72: – | U72: – | V72: – | W72: – | X72: 0.5 | Y72: – | Z72: – | AA72: 0.938 | AB72: 0.9375 | AC72: – | AD72: 0.746 | AE72: 1.74 | AF72: – | AG72: 0.375 | AH72: 1.25 | AI72: – | AJ72: 10 | AK72: – | AL72: – | AM72: – | AN72: – | AO72: 9.43 | AP72: 5.12 | AQ72: 2.89 | AR72: 1.58 | AS72: 2.55 | AT72: 2.08 | AU72: 1.13 | AV72: 0.824 | AW72: 1.55 | AX72: 0.642 | AY72: 0.957 | AZ72: 0.322 | BA72: 0.444 | BB72: – | BC72: – | BD72: – | BE72: – | BF72: – | BG72: – | BH72: – | BI72: 2.38 | BJ72: – | BK72: 0.357 | BL72: 10.4 | BM72: 2.16 | BN72: 1.39 | BO72: 3.24 | BP72: 1.62 | BQ72: 1.29 | BR72: 0.628 | BS72: 4.81 | BT72: 7.48 | BU72: 3.21 | BV72: 0.957 | BW72: 1.2 | BX72: 2.47 | BY72: – | BZ72: – | CA72: 13 | CB72: 11 | CC72: 16 | CD72: – | CE72: – | CF72: – | CG72: – | CH72: – | CL72: 1 | CM72: 51 | CN72: 64 | CO72: 90 | CP72: 1.25 | CS72: =VLOOKUP(CT72,$G$3:$H$139,2,FALSE) -> L5X3X7/16 | CT72: 3.31 | CV72: =VLOOKUP(CW72,$G$140:$H$422,2,FALSE) -> WT22X131 | CW72: 38.5 | DE72: =VLOOKUP(DF72,$G$465:$H$647,2,FALSE) -> 2L6X6X9/16 | DF72: 12.9 | DH72: W30X326 | DI72: 95.9 | DJ72: 32.4 | DK72: 1.14 | DL72: 23.4 | DM72: 3.75 | DN72: 1190 | DO72: 1040 | DQ72: W40X211 | DR72: 906 | DS72: 15500 | DZ72: W33X130 | EA72: 130 | EB72: 38.3 | EC72: 33.1 | ED72: 33 1/8 | EE72: 0.58 | EF72: 45185 | EG72: 45062 | EH72: 11.5 | EI72: 11 1/2 | EJ72: 0.855 | EK72: 45115 | EL72: 6.73 | EM72: 51.7 | EN72: 6710 | EO72: 406 | EP72: 13.2 | EQ72: 467 | ER72: 218 | ES72: 37.9 | ET72: 2.39 | EU72: 59.5
B73: L | C73: L5X3X7/16 | D73: L5X3X7/16 | E73: F | F73: 11.3 | G73: 3.31 | H73: =D73 -> L5X3X7/16 | I73: 3 | J73: – | K73: – | L73: – | M73: – | N73: – | O73: – | P73: – | Q73: 5 | R73: – | S73: – | T73: – | U73: – | V73: – | W73: – | X73: 0.438 | Y73: – | Z73: – | AA73: 0.875 | AB73: 0.875 | AC73: – | AD73: 0.722 | AE73: 1.72 | AF73: – | AG73: 0.331 | AH73: 1.22 | AI73: – | AJ73: 11.4 | AK73: – | AL73: – | AM73: – | AN73: – | AO73: 8.41 | AP73: 4.53 | AQ73: 2.56 | AR73: 1.59 | AS73: 2.29 | AT73: 1.82 | AU73: 1 | AV73: 0.831 | AW73: 1.37 | AX73: 0.644 | AY73: 0.84 | AZ73: 0.22 | BA73: 0.304 | BB73: – | BC73: – | BD73: – | BE73: – | BF73: – | BG73: – | BH73: – | BI73: 2.39 | BJ73: – | BK73: 0.361 | BL73: 9.33 | BM73: 2.19 | BN73: 1.37 | BO73: 3.26 | BP73: 1.63 | BQ73: 1.26 | BR73: 0.64 | BS73: 4.26 | BT73: 6.81 | BU73: 2.86 | BV73: 0.84 | BW73: 1.09 | BX73: 2.14 | BY73: – | BZ73: – | CA73: 13 | CB73: 11 | CC73: 16 | CD73: – | CE73: – | CF73: – | CG73: – | CH73: – | CL73: 1.125 | CM73: 64 | CN73: 80 | CO73: 113 | CP73: 1.5 | CS73: =VLOOKUP(CT73,$G$3:$H$139,2,FALSE) -> L4X4X7/16 | CT73: 3.3 | CV73: =VLOOKUP(CW73,$G$140:$H$422,2,FALSE) -> WT22X131 | CW73: 38.5 | DE73: =VLOOKUP(DF73,$G$465:$H$647,2,FALSE) -> 2L6X6X9/16 | DF73: 12.9 | DH73: W30X292 | DI73: 86 | DJ73: 32 | DK73: 1.02 | DL73: 26.2 | DM73: 4.12 | DN73: 1060 | DO73: 930 | DQ73: W40X199 | DR73: 869 | DS73: 14900 | DZ73: W33X118 | EA73: 118 | EB73: 34.7 | EC73: 32.9 | ED73: 32 7/8 | EE73: 0.55 | EF73: 45185 | EG73: 45062 | EH73: 11.5 | EI73: 11 1/2 | EJ73: 0.74 | EK73: 44989 | EL73: 7.76 | EM73: 54.5 | EN73: 5900 | EO73: 359 | EP73: 13 | EQ73: 415 | ER73: 187 | ES73: 32.6 | ET73: 2.32 | EU73: 51.3
B74: L | C74: L5X3X3/8 | D74: L5X3X3/8 | E74: F | F74: 9.8 | G74: 2.86 | H74: =D74 -> L5X3X3/8 | I74: 3 | J74: – | K74: – | L74: – | M74: – | N74: – | O74: – | P74: – | Q74: 5 | R74: – | S74: – | T74: – | U74: – | V74: – | W74: – | X74: 0.375 | Y74: – | Z74: – | AA74: 0.813 | AB74: 0.8125 | AC74: – | AD74: 0.698 | AE74: 1.69 | AF74: – | AG74: 0.286 | AH74: 1.19 | AI74: – | AJ74: 13.3 | AK74: – | AL74: – | AM74: – | AN74: – | AO74: 7.35 | AP74: 3.93 | AQ74: 2.22 | AR74: 1.6 | AS74: 2.01 | AT74: 1.57 | AU74: 0.874 | AV74: 0.838 | AW74: 1.2 | AX74: 0.646 | AY74: 0.727 | AZ74: 0.141 | BA74: 0.196 | BB74: – | BC74: – | BD74: – | BE74: – | BF74: – | BG74: – | BH74: – | BI74: 2.41 | BJ74: – | BK74: 0.364 | BL74: 8.16 | BM74: 2.2 | BN74: 1.35 | BO74: 3.29 | BP74: 1.65 | BQ74: 1.23 | BR74: 0.652 | BS74: 3.71 | BT74: 6.04 | BU74: 2.48 | BV74: 0.727 | BW74: 0.976 | BX74: 1.84 | BY74: – | BZ74: – | CA74: 13 | CB74: 11 | CC74: 16 | CD74: – | CE74: – | CF74: – | CG74: – | CH74: – | CL74: 1.25 | CM74: 81 | CN74: 102 | CO74: 143 | CP74: 1.625 | CS74: =VLOOKUP(CT74,$G$3:$H$139,2,FALSE) -> L4X3X1/2 | CT74: 3.25 | CV74: =VLOOKUP(CW74,$G$140:$H$422,2,FALSE) -> WT22X131 | CW74: 38.5 | DE74: =VLOOKUP(DF74,$G$465:$H$647,2,FALSE) -> 2L6X6X9/16 | DF74: 12.9 | DH74: W30X261 | DI74: 77 | DJ74: 31.6 | DK74: 0.93 | DL74: 28.7 | DM74: 4.59 | DN74: 943 | DO74: 829 | DQ74: W14X426 | DR74: 869 | DS74: 6600 | DZ74: W30X391 | EA74: 391 | EB74: 115 | EC74: 33.2 | ED74: 33 1/4 | EE74: 1.36 | EF74: 1 3/8 | EG74: 45246 | EH74: 15.6 | EI74: 15 5/8 | EJ74: 2.44 | EK74: 2 7/16 | EL74: 3.19 | EM74: 19.7 | EN74: 20700 | EO74: 1250 | EP74: 13.4 | EQ74: 1450 | ER74: 1550 | ES74: 198 | ET74: 3.67 | EU74: 310
B75: L | C75: L5X3X5/16 | D75: L5X3X5/16 | E75: F | F75: 8.2 | G75: 2.41 | H75: =D75 -> L5X3X5/16 | I75: 3 | J75: – | K75: – | L75: – | M75: – | N75: – | O75: – | P75: – | Q75: 5 | R75: – | S75: – | T75: – | U75: – | V75: – | W75: – | X75: 0.313 | Y75: – | Z75: – | AA75: 0.75 | AB75: 0.75 | AC75: – | AD75: 0.673 | AE75: 1.67 | AF75: – | AG75: 0.241 | AH75: 1.14 | AI75: – | AJ75: 16 | AK75: – | AL75: – | AM75: – | AN75: – | AO75: 6.24 | AP75: 3.32 | AQ75: 1.87 | AR75: 1.61 | AS75: 1.72 | AT75: 1.31 | AU75: 0.739 | AV75: 0.846 | AW75: 1.01 | AX75: 0.649 | AY75: 0.608 | AZ75: 0.0832 | BA75: 0.116 | BB75: – | BC75: – | BD75: – | BE75: – | BF75: – | BG75: – | BH75: – | BI75: 2.42 | BJ75: – | BK75: 0.368 | BL75: 6.95 | BM75: 2.22 | BN75: 1.33 | BO75: 3.3 | BP75: 1.66 | BQ75: 1.21 | BR75: 0.665 | BS75: 3.13 | BT75: 5.23 | BU75: 2.11 | BV75: 0.608 | BW75: 0.835 | BX75: 1.52 | BY75: – | BZ75: – | CA75: 13 | CB75: 11 | CC75: 16 | CD75: – | CE75: – | CF75: – | CG75: – | CH75: – | CL75: 1.375 | CM75: 97 | CN75: 121 | CO75: 1 | CP75: =1.25*(#REF!) -> #REF! | CS75: =VLOOKUP(CT75,$G$3:$H$139,2,FALSE) -> L4X3X1/2 | CT75: 3.25 | CV75: =VLOOKUP(CW75,$G$140:$H$422,2,FALSE) -> WT13.5X129 | CW75: 38.1 | DE75: =VLOOKUP(DF75,$G$465:$H$647,2,FALSE) -> 2L5X5X5/8 | DF75: 11.8 | DH75: W30X235 | DI75: 69.3 | DJ75: 31.3 | DK75: 0.83 | DL75: 32.2 | DM75: 5.02 | DN75: 847 | DO75: 748 | DQ75: W33X221 | DR75: 857 | DS75: 12900 | DZ75: W30X357 | EA75: 357 | EB75: 105 | EC75: 32.8 | ED75: 32 3/4 | EE75: 1.24 | EF75: 1 1/4 | EG75: 45054 | EH75: 15.5 | EI75: 15 1/2 | EJ75: 2.24 | EK75: 2 1/4 | EL75: 3.45 | EM75: 21.6 | EN75: 18700 | EO75: 1140 | EP75: 13.3 | EQ75: 1320 | ER75: 1390 | ES75: 179 | ET75: 3.64 | EU75: 279
B76: L | C76: L5X3X1/4 | D76: L5X3X1/4 | E76: F | F76: 6.6 | G76: 1.94 | H76: =D76 -> L5X3X1/4 | I76: 3 | J76: – | K76: – | L76: – | M76: – | N76: – | O76: – | P76: – | Q76: 5 | R76: – | S76: – | T76: – | U76: – | V76: – | W76: – | X76: 0.25 | Y76: – | Z76: – | AA76: 0.688 | AB76: 0.6875 | AC76: – | AD76: 0.648 | AE76: 1.64 | AF76: – | AG76: 0.194 | AH76: 1.12 | AI76: – | AJ76: 20 | AK76: – | AL76: – | AM76: – | AN76: – | AO76: 5.09 | AP76: 2.68 | AQ76: 1.51 | AR76: 1.62 | AS76: 1.41 | AT76: 1.05 | AU76: 0.6 | AV76: 0.853 | AW76: 0.825 | AX76: 0.652 | AY76: 0.491 | AZ76: 0.0438 | BA76: 0.0606 | BB76: – | BC76: – | BD76: – | BE76: – | BF76: – | BG76: – | BH76: – | BI76: 2.43 | BJ76: – | BK76: 0.371 | BL76: 5.68 | BM76: 2.24 | BN76: 1.31 | BO76: 3.33 | BP76: 1.68 | BQ76: 1.18 | BR76: 0.677 | BS76: 2.54 | BT76: 4.34 | BU76: 1.71 | BV76: 0.491 | BW76: 0.699 | BX76: 1.22 | BY76: – | BZ76: – | CA76: 13 | CB76: 11 | CC76: 16 | CD76: – | CE76: – | CF76: – | CG76: – | CH76: – | CL76: 1.5 | CM76: 118 | CN76: 148 | CO76: 1 | CP76: =1.25*(#REF!) -> #REF! | CS76: =VLOOKUP(CT76,$G$3:$H$139,2,FALSE) -> L5X5X5/16 | CT76: 3.07 | CV76: =VLOOKUP(CW76,$G$140:$H$422,2,FALSE) -> WT9X129 | CW76: 38 | DE76: =VLOOKUP(DF76,$G$465:$H$647,2,FALSE) -> 2L5X5X5/8 | DF76: 11.8 | DH76: W30X211 | DI76: 62.3 | DJ76: 30.9 | DK76: 0.775 | DL76: 34.5 | DM76: 5.74 | DN76: 751 | DO76: 665 | DQ76: W27X258 | DR76: 852 | DS76: 10800 | DZ76: W30X326 | EA76: 326 | EB76: 95.9 | EC76: 32.4 | ED76: 32 3/8 | EE76: 1.14 | EF76: 1 1/8 | EG76: 45185 | EH76: 15.4 | EI76: 15 3/8 | EJ76: 2.05 | EK76: 2 1/16 | EL76: 3.75 | EM76: 23.4 | EN76: 16800 | EO76: 1040 | EP76: 13.2 | EQ76: 1190 | ER76: 1240 | ES76: 162 | ET76: 3.6 | EU76: 252
B77: L | C77: L4X4X3/4 | D77: L4X4X3/4 | E77: F | F77: 18.5 | G77: 5.44 | H77: =D77 -> L4X4X3/4 | I77: 4 | J77: – | K77: – | L77: – | M77: – | N77: – | O77: – | P77: – | Q77: 4 | R77: – | S77: – | T77: – | U77: – | V77: – | W77: – | X77: 0.75 | Y77: – | Z77: – | AA77: 1.13 | AB77: 1.125 | AC77: – | AD77: 1.27 | AE77: 1.27 | AF77: – | AG77: 0.68 | AH77: 0.68 | AI77: – | AJ77: 5.33 | AK77: – | AL77: – | AM77: – | AN77: – | AO77: 7.62 | AP77: 5.02 | AQ77: 2.79 | AR77: 1.18 | AS77: 7.62 | AT77: 5.02 | AU77: 2.79 | AV77: 1.18 | AW77: 3.25 | AX77: 0.774 | AY77: 1.81 | AZ77: 1.02 | BA77: 1.12 | BB77: – | BC77: – | BD77: – | BE77: – | BF77: – | BG77: – | BH77: – | BI77: 2.1 | BJ77: 0.64 | BK77: 1 | BL77: 12 | BM77: 2.56 | BN77: 0 | BO77: 2.56 | BP77: 1.3 | BQ77: 1.8 | BR77: 1.3 | BS77: 4.69 | BT77: – | BU77: 4.69 | BV77: 2.5 | BW77: 1.81 | BX77: 2.5 | BY77: – | BZ77: – | CA77: 12 | CB77: 12 | CC77: 16 | CD77: – | CE77: – | CF77: – | CG77: – | CH77: – | CS77: =VLOOKUP(CT77,$G$3:$H$139,2,FALSE) -> L5X3-1/2X3/8 | CT77: 3.05 | CV77: =VLOOKUP(CW77,$G$140:$H$422,2,FALSE) -> WT7X128.5 | CW77: 37.8 | DE77: =VLOOKUP(DF77,$G$465:$H$647,2,FALSE) -> 2L5X5X5/8 | DF77: 11.8 | DH77: W30X191 | DI77: 56.1 | DJ77: 30.7 | DK77: 0.71 | DL77: 37.7 | DM77: 6.35 | DN77: 675 | DO77: 600 | DQ77: W30X235 | DR77: 847 | DS77: 11700 | DZ77: W30X292 | EA77: 292 | EB77: 86 | EC77: 32 | ED77: 32 | EE77: 1.02 | EF77: 1 | EG77: 44928 | EH77: 15.3 | EI77: 15 1/4 | EJ77: 1.85 | EK77: 1 7/8 | EL77: 4.12 | EM77: 26.2 | EN77: 14900 | EO77: 930 | EP77: 13.2 | EQ77: 1060 | ER77: 1100 | ES77: 144 | ET77: 3.58 | EU77: 223
B78: L | C78: L4X4X5/8 | D78: L4X4X5/8 | E78: F | F78: 15.7 | G78: 4.61 | H78: =D78 -> L4X4X5/8 | I78: 4 | J78: – | K78: – | L78: – | M78: – | N78: – | O78: – | P78: – | Q78: 4 | R78: – | S78: – | T78: – | U78: – | V78: – | W78: – | X78: 0.625 | Y78: – | Z78: – | AA78: 1 | AB78: 1 | AC78: – | AD78: 1.22 | AE78: 1.22 | AF78: – | AG78: 0.576 | AH78: 0.576 | AI78: – | AJ78: 6.4 | AK78: – | AL78: – | AM78: – | AN78: – | AO78: 6.62 | AP78: 4.28 | AQ78: 2.38 | AR78: 1.2 | AS78: 6.62 | AT78: 4.28 | AU78: 2.38 | AV78: 1.2 | AW78: 2.76 | AX78: 0.774 | AY78: 1.6 | AZ78: 0.61 | BA78: 0.68 | BB78: – | BC78: – | BD78: – | BE78: – | BF78: – | BG78: – | BH78: – | BI78: 2.13 | BJ78: 0.63 | BK78: 1 | BL78: 10.5 | BM78: 2.61 | BN78: 0 | BO78: 2.61 | BP78: 1.32 | BQ78: 1.73 | BR78: 1.32 | BS78: 4.02 | BT78: – | BU78: 4.02 | BV78: 2.09 | BW78: 1.6 | BX78: 2.09 | BY78: – | BZ78: – | CA78: 12 | CB78: 12 | CC78: 16 | CD78: – | CE78: – | CF78: – | CG78: – | CH78: – | CS78: =VLOOKUP(CT78,$G$3:$H$139,2,FALSE) -> L6X4X5/16 | CT78: 3.03 | CV78: =VLOOKUP(CW78,$G$140:$H$422,2,FALSE) -> WT18X128 | CW78: 37.6 | DE78: =VLOOKUP(DF78,$G$465:$H$647,2,FALSE) -> 2L6X6X1/2 | DF78: 11.5 | DH78: W30X173 | DI78: 50.9 | DJ78: 30.4 | DK78: 0.655 | DL78: 40.8 | DM78: 7.04 | DN78: 607 | DO78: 541 | DQ78: W24X279 | DR78: 835 | DS78: 9600 | DZ78: W30X261 | EA78: 261 | EB78: 77 | EC78: 31.6 | ED78: 31 5/8 | EE78: 0.93 | EF78: 15/16 | EG78: 44928 | EH78: 15.2 | EI78: 15 1/8 | EJ78: 1.65 | EK78: 1 5/8 | EL78: 4.59 | EM78: 28.7 | EN78: 13100 | EO78: 829 | EP78: 13.1 | EQ78: 943 | ER78: 959 | ES78: 127 | ET78: 3.53 | EU78: 196
B79: L | C79: L4X4X1/2 | D79: L4X4X1/2 | E79: F | F79: 12.8 | G79: 3.75 | H79: =D79 -> L4X4X1/2 | I79: 4 | J79: – | K79: – | L79: – | M79: – | N79: – | O79: – | P79: – | Q79: 4 | R79: – | S79: – | T79: – | U79: – | V79: – | W79: – | X79: 0.5 | Y79: – | Z79: – | AA79: 0.875 | AB79: 0.875 | AC79: – | AD79: 1.18 | AE79: 1.18 | AF79: – | AG79: 0.469 | AH79: 0.469 | AI79: – | AJ79: 8 | AK79: – | AL79: – | AM79: – | AN79: – | AO79: 5.52 | AP79: 3.5 | AQ79: 1.96 | AR79: 1.21 | AS79: 5.52 | AT79: 3.5 | AU79: 1.96 | AV79: 1.21 | AW79: 2.25 | AX79: 0.776 | AY79: 1.35 | AZ79: 0.322 | BA79: 0.366 | BB79: – | BC79: – | BD79: – | BE79: – | BF79: – | BG79: – | BH79: – | BI79: 2.16 | BJ79: 0.63 | BK79: 1 | BL79: 8.79 | BM79: 2.65 | BN79: 0 | BO79: 2.65 | BP79: 1.34 | BQ79: 1.67 | BR79: 1.34 | BS79: 3.32 | BT79: – | BU79: 3.32 | BV79: 1.68 | BW79: 1.35 | BX79: 1.68 | BY79: – | BZ79: – | CA79: 12 | CB79: 12 | CC79: 16 | CD79: – | CE79: – | CF79: – | CG79: – | CH79: – | CS79: =VLOOKUP(CT79,$G$3:$H$139,2,FALSE) -> L3-1/2X3X1/2 | CT79: 3.02 | CV79: =VLOOKUP(CW79,$G$140:$H$422,2,FALSE) -> WT6X126 | CW79: 37.1 | DE79: =VLOOKUP(DF79,$G$465:$H$647,2,FALSE) -> 2L6X6X1/2 | DF79: 11.5 | DH79: W30X148 | DI79: 43.6 | DJ79: 30.7 | DK79: 0.65 | DL79: 41.6 | DM79: 4.44 | DN79: 500 | DO79: 436 | DQ79: W36X210 | DR79: 833 | DS79: 13200 | DZ79: W30X235 | EA79: 235 | EB79: 69.3 | EC79: 31.3 | ED79: 31 1/4 | EE79: 0.83 | EF79: 13/16 | EG79: 45123 | EH79: 15.1 | EI79: 15 | EJ79: 1.5 | EK79: 1 1/2 | EL79: 5.02 | EM79: 32.2 | EN79: 11700 | EO79: 748 | EP79: 13 | EQ79: 847 | ER79: 855 | ES79: 114 | ET79: 3.51 | EU79: 175
B80: L | C80: L4X4X7/16 | D80: L4X4X7/16 | E80: F | F80: 11.3 | G80: 3.3 | H80: =D80 -> L4X4X7/16 | I80: 4 | J80: – | K80: – | L80: – | M80: – | N80: – | O80: – | P80: – | Q80: 4 | R80: – | S80: – | T80: – | U80: – | V80: – | W80: – | X80: 0.438 | Y80: – | Z80: – | AA80: 0.813 | AB80: 0.8125 | AC80: – | AD80: 1.15 | AE80: 1.15 | AF80: – | AG80: 0.413 | AH80: 0.413 | AI80: – | AJ80: 9.13 | AK80: – | AL80: – | AM80: – | AN80: – | AO80: 4.93 | AP80: 3.1 | AQ80: 1.73 | AR80: 1.22 | AS80: 4.93 | AT80: 3.1 | AU80: 1.73 | AV80: 1.22 | AW80: 1.99 | AX80: 0.777 | AY80: 1.22 | AZ80: 0.22 | BA80: 0.252 | BB80: – | BC80: – | BD80: – | BE80: – | BF80: – | BG80: – | BH80: – | BI80: 2.18 | BJ80: 0.63 | BK80: 1 | BL80: 7.86 | BM80: 2.67 | BN80: 0 | BO80: 2.67 | BP80: 1.36 | BQ80: 1.63 | BR80: 1.36 | BS80: 2.94 | BT80: – | BU80: 2.94 | BV80: 1.46 | BW80: 1.22 | BX80: 1.46 | BY80: – | BZ80: – | CA80: 12 | CB80: 12 | CC80: 16 | CD80: – | CE80: – | CF80: – | CG80: – | CH80: – | CL80: Mean Slip Coefficient | CP80: Weld Material | CS80: =VLOOKUP(CT80,$G$3:$H$139,2,FALSE) -> L6X3-1/2X5/16 | CT80: 2.89 | CV80: =VLOOKUP(CW80,$G$140:$H$422,2,FALSE) -> WT10.5X124 | CW80: 37 | DE80: =VLOOKUP(DF80,$G$465:$H$647,2,FALSE) -> 2L6X6X1/2 | DF80: 11.5 | DH80: W30X132 | DI80: 38.8 | DJ80: 30.3 | DK80: 0.615 | DL80: 43.9 | DM80: 5.27 | DN80: 437 | DO80: 380 | DQ80: W14X398 | DR80: 801 | DS80: 6000 | DZ80: W30X211 | EA80: 211 | EB80: 62.3 | EC80: 30.9 | ED80: 31 | EE80: 0.775 | EF80: 44989 | EG80: 44993 | EH80: 15.1 | EI80: 15 1/8 | EJ80: 1.32 | EK80: 1 5/16 | EL80: 5.74 | EM80: 34.5 | EN80: 10300 | EO80: 665 | EP80: 12.9 | EQ80: 751 | ER80: 757 | ES80: 100 | ET80: 3.49 | EU80: 155
B81: L | C81: L4X4X3/8 | D81: L4X4X3/8 | E81: F | F81: 9.8 | G81: 2.86 | H81: =D81 -> L4X4X3/8 | I81: 4 | J81: – | K81: – | L81: – | M81: – | N81: – | O81: – | P81: – | Q81: 4 | R81: – | S81: – | T81: – | U81: – | V81: – | W81: – | X81: 0.375 | Y81: – | Z81: – | AA81: 0.75 | AB81: 0.75 | AC81: – | AD81: 1.13 | AE81: 1.13 | AF81: – | AG81: 0.358 | AH81: 0.358 | AI81: – | AJ81: 10.7 | AK81: – | AL81: – | AM81: – | AN81: – | AO81: 4.32 | AP81: 2.69 | AQ81: 1.5 | AR81: 1.23 | AS81: 4.32 | AT81: 2.69 | AU81: 1.5 | AV81: 1.23 | AW81: 1.73 | AX81: 0.779 | AY81: 1.08 | AZ81: 0.141 | BA81: 0.162 | BB81: – | BC81: – | BD81: – | BE81: – | BF81: – | BG81: – | BH81: – | BI81: 2.19 | BJ81: 0.63 | BK81: 1 | BL81: 6.91 | BM81: 2.7 | BN81: 0 | BO81: 2.7 | BP81: 1.36 | BQ81: 1.6 | BR81: 1.36 | BS81: 2.56 | BT81: – | BU81: 2.56 | BV81: 1.27 | BW81: 1.08 | BX81: 1.27 | BY81: – | BZ81: – | CA81: 12 | CB81: 12 | CC81: 16 | CD81: – | CE81: – | CF81: – | CG81: – | CH81: – | CL81: Class A | CM81: 0.35 | CP81: 70 | CS81: =VLOOKUP(CT81,$G$3:$H$139,2,FALSE) -> L6X3-1/2X5/16 | CT81: 2.89 | CV81: =VLOOKUP(CW81,$G$140:$H$422,2,FALSE) -> WT12X125 | CW81: 36.8 | DE81: =VLOOKUP(DF81,$G$465:$H$647,2,FALSE) -> 2L4X4X3/4 | DF81: 10.9 | DH81: W30X124 | DI81: 36.5 | DJ81: 30.2 | DK81: 0.585 | DL81: 46.2 | DM81: 5.65 | DN81: 408 | DO81: 355 | DQ81: W40X183 | DR81: 774 | DS81: 13200 | DZ81: W30X191 | EA81: 191 | EB81: 56.1 | EC81: 30.7 | ED81: 30 5/8 | EE81: 0.71 | EF81: 45246 | EG81: 44993 | EH81: 15 | EI81: 15 | EJ81: 1.19 | EK81: 1 3/16 | EL81: 6.35 | EM81: 37.7 | EN81: 9200 | EO81: 600 | EP81: 12.8 | EQ81: 675 | ER81: 673 | ES81: 89.5 | ET81: 3.46 | EU81: 138
B82: L | C82: L4X4X5/16 | D82: L4X4X5/16 | E82: F | F82: 8.2 | G82: 2.4 | H82: =D82 -> L4X4X5/16 | I82: 4 | J82: – | K82: – | L82: – | M82: – | N82: – | O82: – | P82: – | Q82: 4 | R82: – | S82: – | T82: – | U82: – | V82: – | W82: – | X82: 0.313 | Y82: – | Z82: – | AA82: 0.688 | AB82: 0.6875 | AC82: – | AD82: 1.11 | AE82: 1.11 | AF82: – | AG82: 0.3 | AH82: 0.3 | AI82: – | AJ82: 12.8 | AK82: – | AL82: – | AM82: – | AN82: – | AO82: 3.67 | AP82: 2.26 | AQ82: 1.27 | AR82: 1.24 | AS82: 3.67 | AT82: 2.26 | AU82: 1.27 | AV82: 1.24 | AW82: 1.46 | AX82: 0.781 | AY82: 0.93 | AZ82: 0.0832 | BA82: 0.0963 | BB82: – | BC82: – | BD82: – | BE82: – | BF82: – | BG82: – | BH82: – | BI82: 2.21 | BJ82: 0.63 | BK82: 1 | BL82: 5.88 | BM82: 2.72 | BN82: 0 | BO82: 2.72 | BP82: 1.37 | BQ82: 1.57 | BR82: 1.37 | BS82: 2.16 | BT82: – | BU82: 2.16 | BV82: 1.07 | BW82: 0.93 | BX82: 1.07 | BY82: – | BZ82: – | CA82: 12 | CB82: 12 | CC82: 16 | CD82: – | CE82: – | CF82: – | CG82: – | CH82: – | CL82: Class B | CM82: 0.5 | CP82: 60 | CS82: =VLOOKUP(CT82,$G$3:$H$139,2,FALSE) -> L5X3X3/8 | CT82: 2.86 | CV82: =VLOOKUP(CW82,$G$140:$H$422,2,FALSE) -> WT20X124.5 | CW82: 36.7 | DE82: =VLOOKUP(DF82,$G$465:$H$647,2,FALSE) -> 2L4X4X3/4 | DF82: 10.9 | DH82: W30X116 | DI82: 34.2 | DJ82: 30 | DK82: 0.565 | DL82: 47.8 | DM82: 6.17 | DN82: 378 | DO82: 329 | DQ82: W33X201 | DR82: 773 | DS82: 11600 | DZ82: W30X173 | EA82: 173 | EB82: 50.9 | EC82: 30.4 | ED82: 30 1/2 | EE82: 0.655 | EF82: 45054 | EG82: 45062 | EH82: 15 | EI82: 15 | EJ82: 1.07 | EK82: 1 1/16 | EL82: 7.04 | EM82: 40.8 | EN82: 8230 | EO82: 541 | EP82: 12.7 | EQ82: 607 | ER82: 598 | ES82: 79.8 | ET82: 3.42 | EU82: 123
B83: L | C83: L4X4X1/4 | D83: L4X4X1/4 | E83: F | F83: 6.6 | G83: 1.93 | H83: =D83 -> L4X4X1/4 | I83: 4 | J83: – | K83: – | L83: – | M83: – | N83: – | O83: – | P83: – | Q83: 4 | R83: – | S83: – | T83: – | U83: – | V83: – | W83: – | X83: 0.25 | Y83: – | Z83: – | AA83: 0.625 | AB83: 0.625 | AC83: – | AD83: 1.08 | AE83: 1.08 | AF83: – | AG83: 0.241 | AH83: 0.241 | AI83: – | AJ83: 16 | AK83: – | AL83: – | AM83: – | AN83: – | AO83: 3 | AP83: 1.82 | AQ83: 1.03 | AR83: 1.25 | AS83: 3 | AT83: 1.82 | AU83: 1.03 | AV83: 1.25 | AW83: 1.19 | AX83: 0.783 | AY83: 0.778 | AZ83: 0.0438 | BA83: 0.0505 | BB83: – | BC83: – | BD83: – | BE83: – | BF83: – | BG83: – | BH83: – | BI83: 2.22 | BJ83: 0.63 | BK83: 1 | BL83: 4.82 | BM83: 2.74 | BN83: 0 | BO83: 2.74 | BP83: 1.39 | BQ83: 1.53 | BR83: 1.39 | BS83: 1.76 | BT83: – | BU83: 1.76 | BV83: 0.856 | BW83: 0.778 | BX83: 0.856 | BY83: – | BZ83: – | CA83: 12 | CB83: 12 | CC83: 16 | CD83: – | CE83: – | CF83: – | CG83: – | CH83: – | CP83: min. size of fillet welds | CS83: =VLOOKUP(CT83,$G$3:$H$139,2,FALSE) -> L5X3X3/8 | CT83: 2.86 | CV83: =VLOOKUP(CW83,$G$140:$H$422,2,FALSE) -> WT18X123.5 | CW83: 36.3 | DE83: =VLOOKUP(DF83,$G$465:$H$647,2,FALSE) -> 2L4X4X3/4 | DF83: 10.9 | DH83: W30X108 | DI83: 31.7 | DJ83: 29.8 | DK83: 0.545 | DL83: 49.6 | DM83: 6.89 | DN83: 346 | DO83: 299 | DQ83: W27X235 | DR83: 772 | DS83: 9700 | DZ83: W30X148 | EA83: 148 | EB83: 43.6 | EC83: 30.7 | ED83: 30 5/8 | EE83: 0.65 | EF83: 45054 | EG83: 45062 | EH83: 10.5 | EI83: 10 1/2 | EJ83: 1.18 | EK83: 1 3/16 | EL83: 4.44 | EM83: 41.6 | EN83: 6680 | EO83: 436 | EP83: 12.4 | EQ83: 500 | ER83: 227 | ES83: 43.3 | ET83: 2.28 | EU83: 68
B84: L | C84: L4X3-1/2X1/2 | D84: L4X3-1/2X1/2 | E84: F | F84: 11.9 | G84: 3.5 | H84: =D84 -> L4X3-1/2X1/2 | I84: 3.5 | J84: – | K84: – | L84: – | M84: – | N84: – | O84: – | P84: – | Q84: 4 | R84: – | S84: – | T84: – | U84: – | V84: – | W84: – | X84: 0.5 | Y84: – | Z84: – | AA84: 0.875 | AB84: 0.875 | AC84: – | AD84: 0.994 | AE84: 1.24 | AF84: – | AG84: 0.438 | AH84: 0.5 | AI84: – | AJ84: 8 | AK84: – | AL84: – | AM84: – | AN84: – | AO84: 5.3 | AP84: 3.46 | AQ84: 1.92 | AR84: 1.23 | AS84: 3.76 | AT84: 2.69 | AU84: 1.5 | AV84: 1.04 | AW84: 1.79 | AX84: 0.716 | AY84: 1.16 | AZ84: 0.301 | BA84: 0.302 | BB84: – | BC84: – | BD84: – | BE84: – | BF84: – | BG84: – | BH84: – | BI84: 2.03 | BJ84: – | BK84: 0.75 | BL84: 7.26 | BM84: 2.29 | BN84: 0.397 | BO84: 2.66 | BP84: 1.41 | BQ84: 1.54 | BR84: 1.06 | BS84: 3.17 | BT84: 18.3 | BU84: 2.73 | BV84: 1.27 | BW84: 1.16 | BX84: 1.69 | BY84: – | BZ84: – | CA84: 11.5 | CB84: 11 | CC84: 15 | CD84: – | CE84: – | CF84: – | CG84: – | CH84: – | CL84: Group A | CM84: 2 | CS84: =VLOOKUP(CT84,$G$3:$H$139,2,FALSE) -> L3-1/2X2-1/2X1/2 | CT84: 2.77 | CV84: =VLOOKUP(CW84,$G$140:$H$422,2,FALSE) -> WT16.5X120.5 | CW84: 35.6 | DE84: =VLOOKUP(DF84,$G$465:$H$647,2,FALSE) -> 2L6X6X7/16 | DF84: 10.2 | DH84: W30X99 | DI84: 29 | DJ84: 29.7 | DK84: 0.52 | DL84: 51.9 | DM84: 7.8 | DN84: 312 | DO84: 269 | DQ84: W36X194 | DR84: 767 | DS84: 12100 | DZ84: W30X132 | EA84: 132 | EB84: 38.8 | EC84: 30.3 | ED84: 30 1/4 | EE84: 0.615 | EF84: 45054 | EG84: 45062 | EH84: 10.5 | EI84: 10 1/2 | EJ84: 1 | EK84: 1 | EL84: 5.27 | EM84: 43.9 | EN84: 5770 | EO84: 380 | EP84: 12.2 | EQ84: 437 | ER84: 196 | ES84: 37.2 | ET84: 2.25 | EU84: 58.4
B85: L | C85: L4X3-1/2X3/8 | D85: L4X3-1/2X3/8 | E85: F | F85: 9.1 | G85: 2.68 | H85: =D85 -> L4X3-1/2X3/8 | I85: 3.5 | J85: – | K85: – | L85: – | M85: – | N85: – | O85: – | P85: – | Q85: 4 | R85: – | S85: – | T85: – | U85: – | V85: – | W85: – | X85: 0.375 | Y85: – | Z85: – | AA85: 0.75 | AB85: 0.75 | AC85: – | AD85: 0.947 | AE85: 1.2 | AF85: – | AG85: 0.335 | AH85: 0.427 | AI85: – | AJ85: 10.7 | AK85: – | AL85: – | AM85: – | AN85: – | AO85: 4.15 | AP85: 2.66 | AQ85: 1.48 | AR85: 1.25 | AS85: 2.96 | AT85: 2.06 | AU85: 1.16 | AV85: 1.05 | AW85: 1.39 | AX85: 0.719 | AY85: 0.939 | AZ85: 0.132 | BA85: 0.134 | BB85: – | BC85: – | BD85: – | BE85: – | BF85: – | BG85: – | BH85: – | BI85: 2.06 | BJ85: – | BK85: 0.755 | BL85: 5.73 | BM85: 2.35 | BN85: 0.387 | BO85: 2.69 | BP85: 1.43 | BQ85: 1.48 | BR85: 1.08 | BS85: 2.44 | BT85: 14.8 | BU85: 2.13 | BV85: 0.972 | BW85: 0.939 | BX85: 1.29 | BY85: – | BZ85: – | CA85: 11.5 | CB85: 11 | CC85: 15 | CD85: – | CE85: – | CF85: – | CG85: – | CH85: – | CL85: Group B | CM85: 3 | CP85: 0.025 | CQ85: 0.125 | CS85: =VLOOKUP(CT85,$G$3:$H$139,2,FALSE) -> L3X3X1/2 | CT85: 2.76 | CV85: =VLOOKUP(CW85,$G$140:$H$422,2,FALSE) -> WT15X117.5 | CW85: 34.7 | DE85: =VLOOKUP(DF85,$G$465:$H$647,2,FALSE) -> 2L6X6X7/16 | DF85: 10.2 | DH85: W30X90 | DI85: 26.3 | DJ85: 29.5 | DK85: 0.47 | DL85: 57.5 | DM85: 8.52 | DN85: 283 | DO85: 245 | DQ85: W18X311 | DR85: 754 | DS85: 6970 | DZ85: W30X124 | EA85: 124 | EB85: 36.5 | EC85: 30.2 | ED85: 30 1/8 | EE85: 0.585 | EF85: 45185 | EG85: 45062 | EH85: 10.5 | EI85: 10 1/2 | EJ85: 0.93 | EK85: 15/16 | EL85: 5.65 | EM85: 46.2 | EN85: 5360 | EO85: 355 | EP85: 12.1 | EQ85: 408 | ER85: 181 | ES85: 34.4 | ET85: 2.23 | EU85: 54
B86: L | C86: L4X3-1/2X5/16 | D86: L4X3-1/2X5/16 | E86: F | F86: 7.7 | G86: 2.25 | H86: =D86 -> L4X3-1/2X5/16 | I86: 3.5 | J86: – | K86: – | L86: – | M86: – | N86: – | O86: – | P86: – | Q86: 4 | R86: – | S86: – | T86: – | U86: – | V86: – | W86: – | X86: 0.313 | Y86: – | Z86: – | AA86: 0.688 | AB86: 0.6875 | AC86: – | AD86: 0.923 | AE86: 1.17 | AF86: – | AG86: 0.281 | AH86: 0.4 | AI86: – | AJ86: 12.8 | AK86: – | AL86: – | AM86: – | AN86: – | AO86: 3.53 | AP86: 2.24 | AQ86: 1.25 | AR86: 1.25 | AS86: 2.52 | AT86: 1.74 | AU86: 0.98 | AV86: 1.06 | AW86: 1.16 | AX86: 0.721 | AY86: 0.806 | AZ86: 0.0782 | BA86: 0.0798 | BB86: – | BC86: – | BD86: – | BE86: – | BF86: – | BG86: – | BH86: – | BI86: 2.08 | BJ86: – | BK86: 0.757 | BL86: 4.88 | BM86: 2.36 | BN86: 0.376 | BO86: 2.72 | BP86: 1.44 | BQ86: 1.44 | BR86: 1.1 | BS86: 2.07 | BT86: 13 | BU86: 1.79 | BV86: 0.806 | BW86: 0.806 | BX86: 1.05 | BY86: – | BZ86: – | CA86: 11.5 | CB86: 11 | CC86: 15 | CD86: – | CE86: – | CF86: – | CG86: – | CH86: – | CL86: Group C | CM86: 4 | CP86: 0.05 | CQ86: 0.125 | CS86: =VLOOKUP(CT86,$G$3:$H$139,2,FALSE) -> L4X3-1/2X3/8 | CT86: 2.68 | CV86: =VLOOKUP(CW86,$G$140:$H$422,2,FALSE) -> WT15X117.5 | CW86: 34.7 | DE86: =VLOOKUP(DF86,$G$465:$H$647,2,FALSE) -> 2L6X6X7/16 | DF86: 10.2 | DH86: W27X539 | DI86: 159 | DJ86: 32.5 | DK86: 1.97 | DL86: 12.1 | DM86: 2.15 | DN86: 1890 | DO86: 1570 | DQ86: W30X211 | DR86: 751 | DS86: 10300 | DZ86: W30X116 | EA86: 116 | EB86: 34.2 | EC86: 30 | ED86: 30 | EE86: 0.565 | EF86: 45185 | EG86: 45062 | EH86: 10.5 | EI86: 10 1/2 | EJ86: 0.85 | EK86: 45115 | EL86: 6.17 | EM86: 47.8 | EN86: 4930 | EO86: 329 | EP86: 12 | EQ86: 378 | ER86: 164 | ES86: 31.3 | ET86: 2.19 | EU86: 49.2
B87: L | C87: L4X3-1/2X1/4 | D87: L4X3-1/2X1/4 | E87: F | F87: 6.2 | G87: 1.82 | H87: =D87 -> L4X3-1/2X1/4 | I87: 3.5 | J87: – | K87: – | L87: – | M87: – | N87: – | O87: – | P87: – | Q87: 4 | R87: – | S87: – | T87: – | U87: – | V87: – | W87: – | X87: 0.25 | Y87: – | Z87: – | AA87: 0.625 | AB87: 0.625 | AC87: – | AD87: 0.897 | AE87: 1.14 | AF87: – | AG87: 0.228 | AH87: 0.36 | AI87: – | AJ87: 16 | AK87: – | AL87: – | AM87: – | AN87: – | AO87: 2.89 | AP87: 1.81 | AQ87: 1.01 | AR87: 1.26 | AS87: 2.07 | AT87: 1.4 | AU87: 0.794 | AV87: 1.07 | AW87: 0.953 | AX87: 0.723 | AY87: 0.653 | AZ87: 0.0412 | BA87: 0.0419 | BB87: – | BC87: – | BD87: – | BE87: – | BF87: – | BG87: – | BH87: – | BI87: 2.09 | BJ87: – | BK87: 0.759 | BL87: 4.01 | BM87: 2.38 | BN87: 0.365 | BO87: 2.74 | BP87: 1.46 | BQ87: 1.4 | BR87: 1.11 | BS87: 1.68 | BT87: 11 | BU87: 1.46 | BV87: 0.653 | BW87: 0.681 | BX87: 0.859 | BY87: – | BZ87: – | CA87: 11.5 | CB87: 11 | CC87: 15 | CD87: – | CE87: – | CF87: – | CG87: – | CH87: – | CP87: 0.075 | CQ87: 0.125 | CS87: =VLOOKUP(CT87,$G$3:$H$139,2,FALSE) -> L3-1/2X3X7/16 | CT87: 2.67 | CV87: =VLOOKUP(CW87,$G$140:$H$422,2,FALSE) -> WT20X117.5 | CW87: 34.6 | DE87: =VLOOKUP(DF87,$G$465:$H$647,2,FALSE) -> 2L5X5X1/2 | DF87: 9.58 | DH87: W27X368 | DI87: 109 | DJ87: 30.4 | DK87: 1.38 | DL87: 17.3 | DM87: 2.96 | DN87: 1240 | DO87: 1060 | DQ87: W21X275 | DR87: 749 | DS87: 7690 | DZ87: W30X108 | EA87: 108 | EB87: 31.7 | EC87: 29.8 | ED87: 29 7/8 | EE87: 0.545 | EF87: 45185 | EG87: 45062 | EH87: 10.5 | EI87: 10 1/2 | EJ87: 0.76 | EK87: 44989 | EL87: 6.89 | EM87: 49.6 | EN87: 4470 | EO87: 299 | EP87: 11.9 | EQ87: 346 | ER87: 146 | ES87: 27.9 | ET87: 2.15 | EU87: 43.9
B88: L | C88: L4X3X5/8 | D88: L4X3X5/8 | E88: F | F88: 13.6 | G88: 3.99 | H88: =D88 -> L4X3X5/8 | I88: 3 | J88: – | K88: – | L88: – | M88: – | N88: – | O88: – | P88: – | Q88: 4 | R88: – | S88: – | T88: – | U88: – | V88: – | W88: – | X88: 0.625 | Y88: – | Z88: – | AA88: 1 | AB88: 1 | AC88: – | AD88: 0.867 | AE88: 1.37 | AF88: – | AG88: 0.499 | AH88: 0.808 | AI88: – | AJ88: 6.4 | AK88: – | AL88: – | AM88: – | AN88: – | AO88: 6.01 | AP88: 4.08 | AQ88: 2.28 | AR88: 1.23 | AS88: 2.85 | AT88: 2.45 | AU88: 1.34 | AV88: 0.845 | AW88: 1.59 | AX88: 0.631 | AY88: 1.13 | AZ88: 0.529 | BA88: 0.472 | BB88: – | BC88: – | BD88: – | BE88: – | BF88: – | BG88: – | BH88: – | BI88: 1.91 | BJ88: – | BK88: 0.534 | BL88: 7.27 | BM88: 1.94 | BN88: 0.801 | BO88: 2.58 | BP88: 1.38 | BQ88: 1.41 | BR88: 0.749 | BS88: 3.75 | BT88: 9.08 | BU88: 2.82 | BV88: 1.15 | BW88: 1.13 | BX88: 2.12 | BY88: – | BZ88: – | CA88: 11 | CB88: 10 | CC88: 14 | CD88: – | CE88: – | CF88: – | CG88: – | CH88: – | CL88: h | CM88: =VLOOKUP(#REF!,'Database 1'!CL84:CM86,2,FALSE) -> #REF! | CP88: 0.1 | CQ88: 0.125 | CS88: =VLOOKUP(CT88,$G$3:$H$139,2,FALSE) -> L5X3-1/2X5/16 | CT88: 2.56 | CV88: =VLOOKUP(CW88,$G$140:$H$422,2,FALSE) -> WT9X117 | CW88: 34.3 | DE88: =VLOOKUP(DF88,$G$465:$H$647,2,FALSE) -> 2L5X5X1/2 | DF88: 9.58 | DH88: W27X336 | DI88: 99.2 | DJ88: 30 | DK88: 1.26 | DL88: 18.9 | DM88: 3.19 | DN88: 1130 | DO88: 972 | DQ88: W24X250 | DR88: 744 | DS88: 8490 | DZ88: W30X99 | EA88: 99 | EB88: 29 | EC88: 29.7 | ED88: 29 5/8 | EE88: 0.52 | EF88: 44928 | EG88: 44930 | EH88: 10.5 | EI88: 10 1/2 | EJ88: 0.67 | EK88: 45246 | EL88: 7.8 | EM88: 51.9 | EN88: 3990 | EO88: 269 | EP88: 11.7 | EQ88: 312 | ER88: 128 | ES88: 24.5 | ET88: 2.1 | EU88: 38.6
B89: L | C89: L4X3X1/2 | D89: L4X3X1/2 | E89: F | F89: 11.1 | G89: 3.25 | H89: =D89 -> L4X3X1/2 | I89: 3 | J89: – | K89: – | L89: – | M89: – | N89: – | O89: – | P89: – | Q89: 4 | R89: – | S89: – | T89: – | U89: – | V89: – | W89: – | X89: 0.5 | Y89: – | Z89: – | AA89: 0.875 | AB89: 0.875 | AC89: – | AD89: 0.822 | AE89: 1.32 | AF89: – | AG89: 0.406 | AH89: 0.75 | AI89: – | AJ89: 8 | AK89: – | AL89: – | AM89: – | AN89: – | AO89: 5.02 | AP89: 3.36 | AQ89: 1.87 | AR89: 1.24 | AS89: 2.4 | AT89: 1.99 | AU89: 1.1 | AV89: 0.858 | AW89: 1.3 | AX89: 0.633 | AY89: 0.929 | AZ89: 0.281 | BA89: 0.255 | BB89: – | BC89: – | BD89: – | BE89: – | BF89: – | BG89: – | BH89: – | BI89: 1.94 | BJ89: – | BK89: 0.542 | BL89: 6.12 | BM89: 1.98 | BN89: 0.768 | BO89: 2.63 | BP89: 1.4 | BQ89: 1.35 | BR89: 0.777 | BS89: 3.09 | BT89: 7.97 | BU89: 2.33 | BV89: 0.929 | BW89: 0.963 | BX89: 1.67 | BY89: – | BZ89: – | CA89: 11 | CB89: 10 | CC89: 14 | CD89: – | CE89: – | CF89: – | CG89: – | CH89: – | CL89: Tb | CM89: =VLOOKUP(#REF!,'Database 1'!$CL$68:$CO$76,'Database 1'!$CM$88,FALSE) -> #REF! | CP89: 0.125 | CQ89: 0.125 | CS89: =VLOOKUP(CT89,$G$3:$H$139,2,FALSE) -> L3-1/2X3-1/2X3/8 | CT89: 2.5 | CV89: =VLOOKUP(CW89,$G$140:$H$422,2,FALSE) -> WT7X116.5 | CW89: 34.2 | DE89: =VLOOKUP(DF89,$G$465:$H$647,2,FALSE) -> 2L5X5X1/2 | DF89: 9.58 | DH89: W27X307 | DI89: 90.2 | DJ89: 29.6 | DK89: 1.16 | DL89: 20.6 | DM89: 3.46 | DN89: 1030 | DO89: 887 | DQ89: W14X370 | DR89: 736 | DS89: 5440 | DZ89: W30X90 | EA89: 90 | EB89: 26.3 | EC89: 29.5 | ED89: 29 1/2 | EE89: 0.47 | EF89: 44928 | EG89: 44930 | EH89: 10.4 | EI89: 10 3/8 | EJ89: 0.61 | EK89: 45054 | EL89: 8.52 | EM89: 57.5 | EN89: 3610 | EO89: 245 | EP89: 11.7 | EQ89: 283 | ER89: 115 | ES89: 22.1 | ET89: 2.09 | EU89: 34.7
B90: L | C90: L4X3X3/8 | D90: L4X3X3/8 | E90: F | F90: 8.5 | G90: 2.49 | H90: =D90 -> L4X3X3/8 | I90: 3 | J90: – | K90: – | L90: – | M90: – | N90: – | O90: – | P90: – | Q90: 4 | R90: – | S90: – | T90: – | U90: – | V90: – | W90: – | X90: 0.375 | Y90: – | Z90: – | AA90: 0.75 | AB90: 0.75 | AC90: – | AD90: 0.775 | AE90: 1.27 | AF90: – | AG90: 0.311 | AH90: 0.68 | AI90: – | AJ90: 10.7 | AK90: – | AL90: – | AM90: – | AN90: – | AO90: 3.94 | AP90: 2.6 | AQ90: 1.44 | AR90: 1.26 | AS90: 1.89 | AT90: 1.52 | AU90: 0.851 | AV90: 0.873 | AW90: 1 | AX90: 0.636 | AY90: 0.699 | AZ90: 0.123 | BA90: 0.114 | BB90: – | BC90: – | BD90: – | BE90: – | BF90: – | BG90: – | BH90: – | BI90: 1.97 | BJ90: – | BK90: 0.551 | BL90: 4.82 | BM90: 2.02 | BN90: 0.739 | BO90: 2.68 | BP90: 1.43 | BQ90: 1.29 | BR90: 0.801 | BS90: 2.39 | BT90: 6.52 | BU90: 1.8 | BV90: 0.699 | BW90: 0.775 | BX90: 1.25 | BY90: – | BZ90: – | CA90: 11 | CB90: 10 | CC90: 14 | CD90: – | CE90: – | CF90: – | CG90: – | CH90: – | CP90: 0.15 | CQ90: 0.125 | CS90: =VLOOKUP(CT90,$G$3:$H$139,2,FALSE) -> L3-1/2X3-1/2X3/8 | CT90: 2.5 | CV90: =VLOOKUP(CW90,$G$140:$H$422,2,FALSE) -> WT18X115.5 | CW90: 34.1 | DE90: =VLOOKUP(DF90,$G$465:$H$647,2,FALSE) -> 2L4X4X5/8 | DF90: 9.22 | DH90: W27X281 | DI90: 83.1 | DJ90: 29.3 | DK90: 1.06 | DL90: 22.5 | DM90: 3.72 | DN90: 936 | DO90: 814 | DQ90: W36X183 | DR90: 718 | DS90: 11300 | DZ90: W27X539 | EA90: 539 | EB90: 159 | EC90: 32.5 | ED90: 32 1/2 | EE90: 1.97 | EF90: 2 | EG90: 1 | EH90: 15.3 | EI90: 15 1/4 | EJ90: 3.54 | EK90: 3 9/16 | EL90: 2.15 | EM90: 12.1 | EN90: 25600 | EO90: 1570 | EP90: 12.7 | EQ90: 1890 | ER90: 2110 | ES90: 277 | ET90: 3.65 | EU90: 437
B91: L | C91: L4X3X5/16 | D91: L4X3X5/16 | E91: F | F91: 7.2 | G91: 2.09 | H91: =D91 -> L4X3X5/16 | I91: 3 | J91: – | K91: – | L91: – | M91: – | N91: – | O91: – | P91: – | Q91: 4 | R91: – | S91: – | T91: – | U91: – | V91: – | W91: – | X91: 0.313 | Y91: – | Z91: – | AA91: 0.688 | AB91: 0.6875 | AC91: – | AD91: 0.75 | AE91: 1.25 | AF91: – | AG91: 0.261 | AH91: 0.656 | AI91: – | AJ91: 12.8 | AK91: – | AL91: – | AM91: – | AN91: – | AO91: 3.36 | AP91: 2.19 | AQ91: 1.22 | AR91: 1.27 | AS91: 1.62 | AT91: 1.28 | AU91: 0.721 | AV91: 0.88 | AW91: 0.849 | AX91: 0.638 | AY91: 0.59 | AZ91: 0.0731 | BA91: 0.0676 | BB91: – | BC91: – | BD91: – | BE91: – | BF91: – | BG91: – | BH91: – | BI91: 1.98 | BJ91: – | BK91: 0.554 | BL91: 4.13 | BM91: 2.05 | BN91: 0.73 | BO91: 2.69 | BP91: 1.44 | BQ91: 1.26 | BR91: 0.814 | BS91: 2.01 | BT91: 5.66 | BU91: 1.54 | BV91: 0.59 | BW91: 0.674 | BX91: 1.04 | BY91: – | BZ91: – | CA91: 11 | CB91: 10 | CC91: 14 | CD91: – | CE91: – | CF91: – | CG91: – | CH91: – | CM91: REMARKS | CP91: 0.175 | CQ91: 0.125 | CS91: =VLOOKUP(CT91,$G$3:$H$139,2,FALSE) -> L4X3X3/8 | CT91: 2.49 | CV91: =VLOOKUP(CW91,$G$140:$H$422,2,FALSE) -> WT18X116 | CW91: 34 | DE91: =VLOOKUP(DF91,$G$465:$H$647,2,FALSE) -> 2L4X4X5/8 | DF91: 9.22 | DH91: W27X258 | DI91: 76.1 | DJ91: 29 | DK91: 0.98 | DL91: 24.4 | DM91: 4.03 | DN91: 852 | DO91: 745 | DQ91: W27X217 | DR91: 711 | DS91: 8910 | DZ91: W27X368 | EA91: 368 | EB91: 109 | EC91: 30.4 | ED91: 30 3/8 | EE91: 1.38 | EF91: 1 3/8 | EG91: 45246 | EH91: 14.7 | EI91: 14 5/8 | EJ91: 2.48 | EK91: 2 1/2 | EL91: 2.96 | EM91: 17.3 | EN91: 16200 | EO91: 1060 | EP91: 12.2 | EQ91: 1240 | ER91: 1310 | ES91: 179 | ET91: 3.48 | EU91: 279
B92: L | C92: L4X3X1/4 | D92: L4X3X1/4 | E92: F | F92: 5.8 | G92: 1.69 | H92: =D92 -> L4X3X1/4 | I92: 3 | J92: – | K92: – | L92: – | M92: – | N92: – | O92: – | P92: – | Q92: 4 | R92: – | S92: – | T92: – | U92: – | V92: – | W92: – | X92: 0.25 | Y92: – | Z92: – | AA92: 0.625 | AB92: 0.625 | AC92: – | AD92: 0.725 | AE92: 1.22 | AF92: – | AG92: 0.211 | AH92: 0.62 | AI92: – | AJ92: 16 | AK92: – | AL92: – | AM92: – | AN92: – | AO92: 2.75 | AP92: 1.77 | AQ92: 0.988 | AR92: 1.27 | AS92: 1.33 | AT92: 1.03 | AU92: 0.585 | AV92: 0.887 | AW92: 0.692 | AX92: 0.639 | AY92: 0.474 | AZ92: 0.0386 | BA92: 0.0356 | BB92: – | BC92: – | BD92: – | BE92: – | BF92: – | BG92: – | BH92: – | BI92: 1.99 | BJ92: – | BK92: 0.558 | BL92: 3.39 | BM92: 2.06 | BN92: 0.713 | BO92: 2.72 | BP92: 1.46 | BQ92: 1.23 | BR92: 0.828 | BS92: 1.65 | BT92: 4.75 | BU92: 1.25 | BV92: 0.474 | BW92: 0.563 | BX92: 0.836 | BY92: – | BZ92: – | CA92: 11 | CB92: 10 | CC92: 14 | CD92: – | CE92: – | CF92: – | CG92: – | CH92: – | CL92: L | CM92: =IF('Tension Analysis & Design'!AE25>'Tension Analysis & Design'!$AC$21,1,0) -> 1 | CN92: {=IF('Tension Analysis & Design'!AG25:AH25<'Tension Analysis & Design'!AC25,1,0)} -> 1 | CO92: 1 | CP92: 0.2 | CQ92: 0.125 | CS92: =VLOOKUP(CT92,$G$3:$H$139,2,FALSE) -> L3X3X7/16 | CT92: 2.43 | CV92: =VLOOKUP(CW92,$G$140:$H$422,2,FALSE) -> WT22X115 | CW92: 33.9 | DE92: =VLOOKUP(DF92,$G$465:$H$647,2,FALSE) -> 2L4X4X5/8 | DF92: 9.22 | DH92: W27X235 | DI92: 69.4 | DJ92: 28.7 | DK92: 0.91 | DL92: 26.2 | DM92: 4.41 | DN92: 772 | DO92: 677 | DQ92: W40X167 | DR92: 693 | DS92: 11600 | DZ92: W27X336 | EA92: 336 | EB92: 99.2 | EC92: 30 | ED92: 30 | EE92: 1.26 | EF92: 1 1/4 | EG92: 45054 | EH92: 14.6 | EI92: 14 1/2 | EJ92: 2.28 | EK92: 2 1/4 | EL92: 3.19 | EM92: 18.9 | EN92: 14600 | EO92: 972 | EP92: 12.1 | EQ92: 1130 | ER92: 1180 | ES92: 162 | ET92: 3.45 | EU92: 252
B93: L | C93: L3-1/2X3-1/2X1/2 | D93: L3-1/2X3-1/2X1/2 | E93: F | F93: 11.1 | G93: 3.25 | H93: =D93 -> L3-1/2X3-1/2X1/2 | I93: 3.5 | J93: – | K93: – | L93: – | M93: – | N93: – | O93: – | P93: – | Q93: 3.5 | R93: – | S93: – | T93: – | U93: – | V93: – | W93: – | X93: 0.5 | Y93: – | Z93: – | AA93: 0.875 | AB93: 0.875 | AC93: – | AD93: 1.05 | AE93: 1.05 | AF93: – | AG93: 0.464 | AH93: 0.464 | AI93: – | AJ93: 7 | AK93: – | AL93: – | AM93: – | AN93: – | AO93: 3.63 | AP93: 2.66 | AQ93: 1.48 | AR93: 1.05 | AS93: 3.63 | AT93: 2.66 | AU93: 1.48 | AV93: 1.05 | AW93: 1.51 | AX93: 0.679 | AY93: 1.02 | AZ93: 0.281 | BA93: 0.238 | BB93: – | BC93: – | BD93: – | BE93: – | BF93: – | BG93: – | BH93: – | BI93: 1.87 | BJ93: 0.63 | BK93: 1 | BL93: 5.75 | BM93: 2.3 | BN93: 0 | BO93: 2.3 | BP93: 1.17 | BQ93: 1.48 | BR93: 1.17 | BS93: 2.5 | BT93: – | BU93: 2.5 | BV93: 1.29 | BW93: 1.02 | BX93: 1.29 | BY93: – | BZ93: – | CA93: 10.5 | CB93: 10.5 | CC93: 14 | CD93: – | CE93: – | CF93: – | CG93: – | CH93: – | CL93: WT | CM93: =IF('Tension Analysis & Design'!AE26>'Tension Analysis & Design'!$AC$21,1,0) -> 1 | CN93: {=IF('Tension Analysis & Design'!AG26:AH26<'Tension Analysis & Design'!AC26,1,0)} -> 1 | CO93: 1 | CP93: 0.225 | CQ93: 0.125 | CS93: =VLOOKUP(CT93,$G$3:$H$139,2,FALSE) -> L5X3X5/16 | CT93: 2.41 | CV93: =VLOOKUP(CW93,$G$140:$H$422,2,FALSE) -> WT6X115 | CW93: 33.8 | DE93: =VLOOKUP(DF93,$G$465:$H$647,2,FALSE) -> 2L6X6X3/8 | DF93: 8.76 | DH93: W27X217 | DI93: 63.9 | DJ93: 28.4 | DK93: 0.83 | DL93: 28.7 | DM93: 4.71 | DN93: 711 | DO93: 627 | DQ93: W18X283 | DR93: 676 | DS93: 6170 | DZ93: W27X307 | EA93: 307 | EB93: 90.2 | EC93: 29.6 | ED93: 29 5/8 | EE93: 1.16 | EF93: 1 3/16 | EG93: 45054 | EH93: 14.4 | EI93: 14 1/2 | EJ93: 2.09 | EK93: 2 1/16 | EL93: 3.46 | EM93: 20.6 | EN93: 13100 | EO93: 887 | EP93: 12 | EQ93: 1030 | ER93: 1050 | ES93: 146 | ET93: 3.41 | EU93: 227
B94: L | C94: L3-1/2X3-1/2X7/16 | D94: L3-1/2X3-1/2X7/16 | E94: F | F94: 9.8 | G94: 2.89 | H94: =D94 -> L3-1/2X3-1/2X7/16 | I94: 3.5 | J94: – | K94: – | L94: – | M94: – | N94: – | O94: – | P94: – | Q94: 3.5 | R94: – | S94: – | T94: – | U94: – | V94: – | W94: – | X94: 0.438 | Y94: – | Z94: – | AA94: 0.813 | AB94: 0.8125 | AC94: – | AD94: 1.03 | AE94: 1.03 | AF94: – | AG94: 0.413 | AH94: 0.413 | AI94: – | AJ94: 7.99 | AK94: – | AL94: – | AM94: – | AN94: – | AO94: 3.25 | AP94: 2.36 | AQ94: 1.32 | AR94: 1.06 | AS94: 3.25 | AT94: 2.36 | AU94: 1.32 | AV94: 1.06 | AW94: 1.33 | AX94: 0.681 | AY94: 0.911 | AZ94: 0.192 | BA94: 0.164 | BB94: – | BC94: – | BD94: – | BE94: – | BF94: – | BG94: – | BH94: – | BI94: 1.89 | BJ94: 0.63 | BK94: 1 | BL94: 5.16 | BM94: 2.32 | BN94: 0 | BO94: 2.32 | BP94: 1.17 | BQ94: 1.46 | BR94: 1.17 | BS94: 2.22 | BT94: – | BU94: 2.22 | BV94: 1.14 | BW94: 0.911 | BX94: 1.14 | BY94: – | BZ94: – | CA94: 10.5 | CB94: 10.5 | CC94: 14 | CD94: – | CE94: – | CF94: – | CG94: – | CH94: – | CL94: MT | CM94: =IF('Tension Analysis & Design'!AE27>'Tension Analysis & Design'!$AC$21,1,0) -> 1 | CN94: {=IF('Tension Analysis & Design'!AG27:AH27<'Tension Analysis & Design'!AC27,1,0)} -> 1 | CO94: 1 | CP94: 0.25 | CQ94: 0.125 | CS94: =VLOOKUP(CT94,$G$3:$H$139,2,FALSE) -> L4X4X5/16 | CT94: 2.4 | CV94: =VLOOKUP(CW94,$G$140:$H$422,2,FALSE) -> WT12X114.5 | CW94: 33.6 | DE94: =VLOOKUP(DF94,$G$465:$H$647,2,FALSE) -> 2L6X6X3/8 | DF94: 8.76 | DH94: W27X194 | DI94: 57.1 | DJ94: 28.1 | DK94: 0.75 | DL94: 31.8 | DM94: 5.24 | DN94: 631 | DO94: 559 | DQ94: W30X191 | DR94: 675 | DS94: 9200 | DZ94: W27X281 | EA94: 281 | EB94: 83.1 | EC94: 29.3 | ED94: 29 1/4 | EE94: 1.06 | EF94: 1 1/16 | EG94: 45185 | EH94: 14.4 | EI94: 14 3/8 | EJ94: 1.93 | EK94: 1 15/16 | EL94: 3.72 | EM94: 22.5 | EN94: 11900 | EO94: 814 | EP94: 12 | EQ94: 936 | ER94: 953 | ES94: 133 | ET94: 3.39 | EU94: 206
B95: L | C95: L3-1/2X3-1/2X3/8 | D95: L3-1/2X3-1/2X3/8 | E95: F | F95: 8.5 | G95: 2.5 | H95: =D95 -> L3-1/2X3-1/2X3/8 | I95: 3.5 | J95: – | K95: – | L95: – | M95: – | N95: – | O95: – | P95: – | Q95: 3.5 | R95: – | S95: – | T95: – | U95: – | V95: – | W95: – | X95: 0.375 | Y95: – | Z95: – | AA95: 0.75 | AB95: 0.75 | AC95: – | AD95: 1 | AE95: 1 | AF95: – | AG95: 0.357 | AH95: 0.357 | AI95: – | AJ95: 9.33 | AK95: – | AL95: – | AM95: – | AN95: – | AO95: 2.86 | AP95: 2.06 | AQ95: 1.15 | AR95: 1.07 | AS95: 2.86 | AT95: 2.06 | AU95: 1.15 | AV95: 1.07 | AW95: 1.17 | AX95: 0.683 | AY95: 0.83 | AZ95: 0.123 | BA95: 0.106 | BB95: – | BC95: – | BD95: – | BE95: – | BF95: – | BG95: – | BH95: – | BI95: 1.9 | BJ95: 0.63 | BK95: 1 | BL95: 4.55 | BM95: 2.34 | BN95: 0 | BO95: 2.34 | BP95: 1.19 | BQ95: 1.41 | BR95: 1.19 | BS95: 1.94 | BT95: – | BU95: 1.94 | BV95: 0.983 | BW95: 0.83 | BX95: 0.983 | BY95: – | BZ95: – | CA95: 10.5 | CB95: 10.5 | CC95: 14 | CD95: – | CE95: – | CF95: – | CG95: – | CH95: – | CL95: ST | CM95: =IF('Tension Analysis & Design'!AE28>'Tension Analysis & Design'!$AC$21,1,0) -> 1 | CN95: {=IF('Tension Analysis & Design'!AG28:AH28<'Tension Analysis & Design'!AC28,1,0)} -> 1 | CO95: 1 | CP95: 0.275 | CQ95: 0.1875 | CS95: =VLOOKUP(CT95,$G$3:$H$139,2,FALSE) -> L3-1/2X3X3/8 | CT95: 2.32 | CV95: =VLOOKUP(CW95,$G$140:$H$422,2,FALSE) -> WT10.5X111.5 | CW95: 33.2 | DE95: =VLOOKUP(DF95,$G$465:$H$647,2,FALSE) -> 2L6X6X3/8 | DF95: 8.76 | DH95: W27X178 | DI95: 52.5 | DJ95: 27.8 | DK95: 0.725 | DL95: 32.9 | DM95: 5.92 | DN95: 570 | DO95: 505 | DQ95: W24X229 | DR95: 675 | DS95: 7650 | DZ95: W27X258 | EA95: 258 | EB95: 76.1 | EC95: 29 | ED95: 29 | EE95: 0.98 | EF95: 1 | EG95: 44928 | EH95: 14.3 | EI95: 14 1/4 | EJ95: 1.77 | EK95: 1 3/4 | EL95: 4.03 | EM95: 24.4 | EN95: 10800 | EO95: 745 | EP95: 11.9 | EQ95: 852 | ER95: 859 | ES95: 120 | ET95: 3.36 | EU95: 187
B96: L | C96: L3-1/2X3-1/2X5/16 | D96: L3-1/2X3-1/2X5/16 | E96: F | F96: 7.2 | G96: 2.1 | H96: =D96 -> L3-1/2X3-1/2X5/16 | I96: 3.5 | J96: – | K96: – | L96: – | M96: – | N96: – | O96: – | P96: – | Q96: 3.5 | R96: – | S96: – | T96: – | U96: – | V96: – | W96: – | X96: 0.313 | Y96: – | Z96: – | AA96: 0.688 | AB96: 0.6875 | AC96: – | AD96: 0.979 | AE96: 0.979 | AF96: – | AG96: 0.3 | AH96: 0.3 | AI96: – | AJ96: 11.2 | AK96: – | AL96: – | AM96: – | AN96: – | AO96: 2.44 | AP96: 1.74 | AQ96: 0.969 | AR96: 1.08 | AS96: 2.44 | AT96: 1.74 | AU96: 0.969 | AV96: 1.08 | AW96: 0.984 | AX96: 0.685 | AY96: 0.713 | AZ96: 0.0731 | BA96: 0.0634 | BB96: – | BC96: – | BD96: – | BE96: – | BF96: – | BG96: – | BH96: – | BI96: 1.92 | BJ96: 0.63 | BK96: 1 | BL96: 3.89 | BM96: 2.36 | BN96: 0 | BO96: 2.36 | BP96: 1.2 | BQ96: 1.38 | BR96: 1.2 | BS96: 1.65 | BT96: – | BU96: 1.65 | BV96: 0.82 | BW96: 0.713 | BX96: 0.82 | BY96: – | BZ96: – | CA96: 10.5 | CB96: 10.5 | CC96: 14 | CD96: – | CE96: – | CF96: – | CG96: – | CH96: – | CL96: 2L | CM96: =IF('Tension Analysis & Design'!AE29>'Tension Analysis & Design'!$AC$21,1,0) -> 1 | CN96: {=IF('Tension Analysis & Design'!AG29:AH29<'Tension Analysis & Design'!AC29,1,0)} -> 0 | CO96: 1 | CP96: 0.3 | CQ96: 0.1875 | CS96: =VLOOKUP(CT96,$G$3:$H$139,2,FALSE) -> L3X2X1/2 | CT96: 2.26 | CV96: =VLOOKUP(CW96,$G$140:$H$422,2,FALSE) -> WT16.5X110.5 | CW96: 32.6 | DE96: =VLOOKUP(DF96,$G$465:$H$647,2,FALSE) -> 2L5X5X7/16 | DF96: 8.44 | DH96: W27X161 | DI96: 47.6 | DJ96: 27.6 | DK96: 0.66 | DL96: 36.1 | DM96: 6.49 | DN96: 515 | DO96: 458 | DQ96: W14X342 | DR96: 672 | DS96: 4900 | DZ96: W27X235 | EA96: 235 | EB96: 69.4 | EC96: 28.7 | ED96: 28 5/8 | EE96: 0.91 | EF96: 15/16 | EG96: 44928 | EH96: 14.2 | EI96: 14 1/4 | EJ96: 1.61 | EK96: 1 5/8 | EL96: 4.41 | EM96: 26.2 | EN96: 9700 | EO96: 677 | EP96: 11.8 | EQ96: 772 | ER96: 769 | ES96: 108 | ET96: 3.33 | EU96: 168
B97: L | C97: L3-1/2X3-1/2X1/4 | D97: L3-1/2X3-1/2X1/4 | E97: F | F97: 5.8 | G97: 1.7 | H97: =D97 -> L3-1/2X3-1/2X1/4 | I97: 3.5 | J97: – | K97: – | L97: – | M97: – | N97: – | O97: – | P97: – | Q97: 3.5 | R97: – | S97: – | T97: – | U97: – | V97: – | W97: – | X97: 0.25 | Y97: – | Z97: – | AA97: 0.625 | AB97: 0.625 | AC97: – | AD97: 0.954 | AE97: 0.954 | AF97: – | AG97: 0.243 | AH97: 0.243 | AI97: – | AJ97: 14 | AK97: – | AL97: – | AM97: – | AN97: – | AO97: 2 | AP97: 1.41 | AQ97: 0.787 | AR97: 1.09 | AS97: 2 | AT97: 1.41 | AU97: 0.787 | AV97: 1.09 | AW97: 0.802 | AX97: 0.688 | AY97: 0.594 | AZ97: 0.0386 | BA97: 0.0334 | BB97: – | BC97: – | BD97: – | BE97: – | BF97: – | BG97: – | BH97: – | BI97: 1.93 | BJ97: 0.63 | BK97: 1 | BL97: 3.19 | BM97: 2.39 | BN97: 0 | BO97: 2.39 | BP97: 1.21 | BQ97: 1.35 | BR97: 1.21 | BS97: 1.33 | BT97: – | BU97: 1.33 | BV97: 0.663 | BW97: 0.594 | BX97: 0.663 | BY97: – | BZ97: – | CA97: 10.5 | CB97: 10.5 | CC97: 14 | CD97: – | CE97: – | CF97: – | CG97: – | CH97: – | CP97: 0.325 | CQ97: 0.1875 | CS97: =VLOOKUP(CT97,$G$3:$H$139,2,FALSE) -> L3X2X1/2 | CT97: 2.26 | CV97: =VLOOKUP(CW97,$G$140:$H$422,2,FALSE) -> WT13.5X108.5 | CW97: 32 | DE97: =VLOOKUP(DF97,$G$465:$H$647,2,FALSE) -> 2L5X5X7/16 | DF97: 8.44 | DH97: W27X146 | DI97: 43.2 | DJ97: 27.4 | DK97: 0.605 | DL97: 39.4 | DM97: 7.16 | DN97: 464 | DO97: 414 | DQ97: W21X248 | DR97: 671 | DS97: 6830 | DZ97: W27X217 | EA97: 217 | EB97: 63.9 | EC97: 28.4 | ED97: 28 3/8 | EE97: 0.83 | EF97: 13/16 | EG97: 45123 | EH97: 14.1 | EI97: 14 1/8 | EJ97: 1.5 | EK97: 1 1/2 | EL97: 4.71 | EM97: 28.7 | EN97: 8910 | EO97: 627 | EP97: 11.8 | EQ97: 711 | ER97: 704 | ES97: 100 | ET97: 3.32 | EU97: 154
B98: L | C98: L3-1/2X3X1/2 | D98: L3-1/2X3X1/2 | E98: F | F98: 10.2 | G98: 3.02 | H98: =D98 -> L3-1/2X3X1/2 | I98: 3 | J98: – | K98: – | L98: – | M98: – | N98: – | O98: – | P98: – | Q98: 3.5 | R98: – | S98: – | T98: – | U98: – | V98: – | W98: – | X98: 0.5 | Y98: – | Z98: – | AA98: 0.875 | AB98: 0.875 | AC98: – | AD98: 0.869 | AE98: 1.12 | AF98: – | AG98: 0.431 | AH98: 0.48 | AI98: – | AJ98: 7 | AK98: – | AL98: – | AM98: – | AN98: – | AO98: 3.45 | AP98: 2.61 | AQ98: 1.45 | AR98: 1.07 | AS98: 2.32 | AT98: 1.97 | AU98: 1.09 | AV98: 0.877 | AW98: 1.15 | AX98: 0.618 | AY98: 0.846 | AZ98: 0.26 | BA98: 0.191 | BB98: – | BC98: – | BD98: – | BE98: – | BF98: – | BG98: – | BH98: – | BI98: 1.75 | BJ98: – | BK98: 0.713 | BL98: 4.62 | BM98: 1.95 | BN98: 0.407 | BO98: 2.3 | BP98: 1.23 | BQ98: 1.36 | BR98: 0.878 | BS98: 2.37 | BT98: 11.4 | BU98: 2.01 | BV98: 0.935 | BW98: 0.846 | BX98: 1.31 | BY98: – | BZ98: – | CA98: 10 | CB98: 9.5 | CC98: 13 | CD98: – | CE98: – | CF98: – | CG98: – | CH98: – | CP98: 0.35 | CQ98: 0.1875 | CS98: =VLOOKUP(CT98,$G$3:$H$139,2,FALSE) -> L4X3-1/2X5/16 | CT98: 2.25 | CV98: =VLOOKUP(CW98,$G$140:$H$422,2,FALSE) -> WT20X107.5 | CW98: 31.8 | DE98: =VLOOKUP(DF98,$G$465:$H$647,2,FALSE) -> 2L5X5X7/16 | DF98: 8.44 | DH98: W27X129 | DI98: 37.8 | DJ98: 27.6 | DK98: 0.61 | DL98: 39.7 | DM98: 4.55 | DN98: 395 | DO98: 345 | DQ98: W36X170 | DR98: 668 | DS98: 10500 | DZ98: W27X194 | EA98: 194 | EB98: 57.1 | EC98: 28.1 | ED98: 28 1/8 | EE98: 0.75 | EF98: 44989 | EG98: 44993 | EH98: 14 | EI98: 14 | EJ98: 1.34 | EK98: 1 5/16 | EL98: 5.24 | EM98: 31.8 | EN98: 7860 | EO98: 559 | EP98: 11.7 | EQ98: 631 | ER98: 619 | ES98: 88.1 | ET98: 3.29 | EU98: 136
B99: L | C99: L3-1/2X3X7/16 | D99: L3-1/2X3X7/16 | E99: F | F99: 9.1 | G99: 2.67 | H99: =D99 -> L3-1/2X3X7/16 | I99: 3 | J99: – | K99: – | L99: – | M99: – | N99: – | O99: – | P99: – | Q99: 3.5 | R99: – | S99: – | T99: – | U99: – | V99: – | W99: – | X99: 0.438 | Y99: – | Z99: – | AA99: 0.813 | AB99: 0.8125 | AC99: – | AD99: 0.846 | AE99: 1.09 | AF99: – | AG99: 0.381 | AH99: 0.449 | AI99: – | AJ99: 7.99 | AK99: – | AL99: – | AM99: – | AN99: – | AO99: 3.1 | AP99: 2.32 | AQ99: 1.29 | AR99: 1.08 | AS99: 2.09 | AT99: 1.75 | AU99: 0.971 | AV99: 0.885 | AW99: 1.02 | AX99: 0.62 | AY99: 0.773 | AZ99: 0.178 | BA99: 0.132 | BB99: – | BC99: – | BD99: – | BE99: – | BF99: – | BG99: – | BH99: – | BI99: 1.76 | BJ99: – | BK99: 0.717 | BL99: 4.16 | BM99: 1.96 | BN99: 0.393 | BO99: 2.32 | BP99: 1.24 | BQ99: 1.32 | BR99: 0.894 | BS99: 2.12 | BT99: 10.6 | BU99: 1.79 | BV99: 0.823 | BW99: 0.773 | BX99: 1.14 | BY99: – | BZ99: – | CA99: 10 | CB99: 9.5 | CC99: 13 | CD99: – | CE99: – | CF99: – | CG99: – | CH99: – | CP99: 0.375 | CQ99: 0.1875 | CS99: =VLOOKUP(CT99,$G$3:$H$139,2,FALSE) -> L3X2-1/2X7/16 | CT99: 2.22 | CV99: =VLOOKUP(CW99,$G$140:$H$422,2,FALSE) -> WT9X105.5 | CW99: 31.2 | DE99: =VLOOKUP(DF99,$G$465:$H$647,2,FALSE) -> 2L4X4X1/2 | DF99: 7.5 | DH99: W27X114 | DI99: 33.6 | DJ99: 27.3 | DK99: 0.57 | DL99: 42.5 | DM99: 5.41 | DN99: 343 | DO99: 299 | DQ99: W27X194 | DR99: 631 | DS99: 7860 | DZ99: W27X178 | EA99: 178 | EB99: 52.5 | EC99: 27.8 | ED99: 27 3/4 | EE99: 0.725 | EF99: 44989 | EG99: 44993 | EH99: 14.1 | EI99: 14 1/8 | EJ99: 1.19 | EK99: 1 3/16 | EL99: 5.92 | EM99: 32.9 | EN99: 7020 | EO99: 505 | EP99: 11.6 | EQ99: 570 | ER99: 555 | ES99: 78.8 | ET99: 3.25 | EU99: 122
B100: L | C100: L3-1/2X3X3/8 | D100: L3-1/2X3X3/8 | E100: F | F100: 7.9 | G100: 2.32 | H100: =D100 -> L3-1/2X3X3/8 | I100: 3 | J100: – | K100: – | L100: – | M100: – | N100: – | O100: – | P100: – | Q100: 3.5 | R100: – | S100: – | T100: – | U100: – | V100: – | W100: – | X100: 0.375 | Y100: – | Z100: – | AA100: 0.75 | AB100: 0.75 | AC100: – | AD100: 0.823 | AE100: 1.07 | AF100: – | AG100: 0.331 | AH100: 0.407 | AI100: – | AJ100: 9.33 | AK100: – | AL100: – | AM100: – | AN100: – | AO100: 2.73 | AP100: 2.03 | AQ100: 1.12 | AR100: 1.09 | AS100: 1.84 | AT100: 1.52 | AU100: 0.847 | AV100: 0.892 | AW100: 0.894 | AX100: 0.622 | AY100: 0.693 | AZ100: 0.114 | BA100: 0.0858 | BB100: – | BC100: – | BD100: – | BE100: – | BF100: – | BG100: – | BH100: – | BI100: 1.78 | BJ100: – | BK100: 0.72 | BL100: 3.68 | BM100: 1.99 | BN100: 0.389 | BO100: 2.34 | BP100: 1.25 | BQ100: 1.29 | BR100: 0.901 | BS100: 1.85 | BT100: 9.46 | BU100: 1.57 | BV100: 0.715 | BW100: 0.693 | BX100: 0.992 | BY100: – | BZ100: – | CA100: 10 | CB100: 9.5 | CC100: 13 | CD100: – | CE100: – | CF100: – | CG100: – | CH100: – | CP100: 0.4 | CQ100: 0.1875 | CS100: =VLOOKUP(CT100,$G$3:$H$139,2,FALSE) -> L3-1/2X2-1/2X3/8 | CT100: 2.12 | CV100: =VLOOKUP(CW100,$G$140:$H$422,2,FALSE) -> WT20X105.5 | CW100: 31.1 | DE100: =VLOOKUP(DF100,$G$465:$H$647,2,FALSE) -> 2L4X4X1/2 | DF100: 7.5 | DH100: W27X102 | DI100: 30 | DJ100: 27.1 | DK100: 0.515 | DL100: 47.1 | DM100: 6.03 | DN100: 305 | DO100: 267 | DQ100: W33X169 | DR100: 629 | DS100: 9290 | DZ100: W27X161 | EA100: 161 | EB100: 47.6 | EC100: 27.6 | ED100: 27 5/8 | EE100: 0.66 | EF100: 45246 | EG100: 44993 | EH100: 14 | EI100: 14 | EJ100: 1.08 | EK100: 1 1/16 | EL100: 6.49 | EM100: 36.1 | EN100: 6310 | EO100: 458 | EP100: 11.5 | EQ100: 515 | ER100: 497 | ES100: 70.9 | ET100: 3.23 | EU100: 109
B101: L | C101: L3-1/2X3X5/16 | D101: L3-1/2X3X5/16 | E101: F | F101: 6.6 | G101: 1.95 | H101: =D101 -> L3-1/2X3X5/16 | I101: 3 | J101: – | K101: – | L101: – | M101: – | N101: – | O101: – | P101: – | Q101: 3.5 | R101: – | S101: – | T101: – | U101: – | V101: – | W101: – | X101: 0.313 | Y101: – | Z101: – | AA101: 0.688 | AB101: 0.6875 | AC101: – | AD101: 0.798 | AE101: 1.05 | AF101: – | AG101: 0.279 | AH101: 0.38 | AI101: – | AJ101: 11.2 | AK101: – | AL101: – | AM101: – | AN101: – | AO101: 2.33 | AP101: 1.72 | AQ101: 0.951 | AR101: 1.09 | AS101: 1.58 | AT101: 1.28 | AU101: 0.718 | AV101: 0.9 | AW101: 0.758 | AX101: 0.624 | AY101: 0.602 | AZ101: 0.068 | BA101: 0.0512 | BB101: – | BC101: – | BD101: – | BE101: – | BF101: – | BG101: – | BH101: – | BI101: 1.79 | BJ101: – | BK101: 0.722 | BL101: 3.15 | BM101: 2.01 | BN101: 0.383 | BO101: 2.36 | BP101: 1.26 | BQ101: 1.26 | BR101: 0.916 | BS101: 1.57 | BT101: 8.22 | BU101: 1.33 | BV101: 0.602 | BW101: 0.602 | BX101: 0.828 | BY101: – | BZ101: – | CA101: 10 | CB101: 9.5 | CC101: 13 | CD101: – | CE101: – | CF101: – | CG101: – | CH101: – | CP101: 0.425 | CQ101: 0.1875 | CS101: =VLOOKUP(CT101,$G$3:$H$139,2,FALSE) -> L3X3X3/8 | CT101: 2.11 | CV101: =VLOOKUP(CW101,$G$140:$H$422,2,FALSE) -> WT20X105.5 | CW101: 31.1 | DE101: =VLOOKUP(DF101,$G$465:$H$647,2,FALSE) -> 2L4X4X1/2 | DF101: 7.5 | DH101: W27X94 | DI101: 27.6 | DJ101: 26.9 | DK101: 0.49 | DL101: 49.5 | DM101: 6.7 | DN101: 278 | DO101: 243 | DQ101: W36X160 | DR101: 624 | DS101: 9760 | DZ101: W27X146 | EA101: 146 | EB101: 43.2 | EC101: 27.4 | ED101: 27 3/8 | EE101: 0.605 | EF101: 45054 | EG101: 45062 | EH101: 14 | EI101: 14 | EJ101: 0.975 | EK101: 1 | EL101: 7.16 | EM101: 39.4 | EN101: 5660 | EO101: 414 | EP101: 11.5 | EQ101: 464 | ER101: 443 | ES101: 63.5 | ET101: 3.2 | EU101: 97.7
...

Sheet Tension Analysis & Design
C4: ANALYSIS FOR AXIAL TENSION | N4: Block Shear Investigation Parameters | Z4: DESIGN FOR AXIAL TENSION
N5: Tension Holes | Q5: 3 | T5: Length of Connection
N6: Shear Holes | Q6: 5 | Z6: Design Parameters | AE6: Design Philosophy | AG6: LRFD
C7: Ultimate Yielding and Fracture Parameters | N7: Bock Shear Incidents | Q7: 2 | T7: 8 | Z7: Dead Load (kips) | AB7: 10 | AE7: Steel Type | AG7: A529 Gr. 50
C8: Given Parameters | I8: Tensile Capacities | N8: Shearing Incidents | Q8: 2 | Z8: Live Load (kips) | AB8: 20
C9: Structural Member: | E9: ST4X9.2 | I9: Design Philosophy: | L9: LRFD | AE9: Fy, Yield Stress (ksi) | AG9: =VLOOKUP($AG$7,'[1]Database 1'!CL3:CO35,3,FALSE) -> 50 | BV9: LRFD
Q10: Length | S10: Gross Area | U10: Net Area | Z10: Diameter (φ) | AB10: Nominal φ | AC10: Final φ | AE10: Fu, Tensile Stress (ksi) | AG10: =VLOOKUP($AG$7,'[1]Database 1'!CL3:CO35,4,FALSE) -> 65 | BV10: ASD
C11: Thickness: | E11: =VLOOKUP(E9,'[2]Database 1'!$C$2:$W$1102,21,FALSE) -> 0.425 | I11: Yielding Capacity (kips) | O11: Shearing Area | Q11: 8 | S11: =$Q$11*$E$11 -> 3.4 | U11: =$S$11-((($Q$6*$W$15)-(0.5))*$E$11) -> 1.4875 | Z11: Bolt φ (in) | AB11: 0.875 | AC11: =IF($AB$11>0,$AB$11+(1/8),$AB$12+(1/16)) -> 1
I12: =IF(L9="LRFD",(0.9)*E20*E23,E20*E23/1.67) -> 87.48 | O12: Tension Area | Q12: 4 | S12: =$Q$12*$E$11 -> 1.7 | U12: =$S$12-($Q$15*$W$15*($Q$5-IF($Q$15=1,0.5,1))) -> -0.8 | Z12: Hole φ (in) | AB12: 0 | AE12: Span Length (ft) | AH12: 15
C13: Diameter (φ) | E13: Nominal φ | G13: Final φ
C14: Bolt φ (in) | E14: 1 | G14: =IF(E14>0,E14+(1/8),E15+(1/16)) -> 1.125 | I14: Fracture Capacity (kips) | N14: Type of Connection | Q14: Single Row | T14: Diameter (φ) | V14: Nominal φ | W14: Final φ | Z14: Tensile Factored Load
C15: Hole φ (in) | E15: 0 | I15: =IF(L9="LRFD",0.75*E21*E24*E27,E21*E24*E27/2) -> 75.853125 | N15: Reduction Factor | Q15: =VLOOKUP($Q$14,'[2]Database 1'!$CK$43:$CM$44,3,FALSE) -> 1 | T15: Bolt φ | V15: 0.875 | W15: =IF(V15>0,V15+(1/8),V16+(1/16)) -> 1 | AF15: Shear Lag Factor | AH15: Case 8b
N16: Shear Resistance (Fv) | Q16: =MIN(0.6*$E$21*$U$11,0.6*$E$20*$S$11) -> 51.765 | T16: Hole φ | V16: 0 | Z16: Load Combination | AC16: =IF($AG$6="LRFD",(1.2*$AB$7)+(1.6*$AB$8),$AB$7+$AB$8) -> 44 | AD16: kips | AH16: 0.6
C17: No. of Holes | E17: 2 | I17: Block Shear Capacity (kips) | N17: Tension Resistance (FT) | Q17: =$Q$15*$E$21*$U$12 -> -46.4
C18: Steel Type | E18: A36 | I18: =IF(L9="LRFD",0.75*(Q16+Q17),(Q16+Q17)/2) -> 4.02375 | Z18: Gross Area from Yielding of Gross Section | AE18: Net Area from Fracture in the Effective Net Section
N19: Net Area due to Staggered Holes | Z19: Ag (in2) | AC19: =IF($AH$19>($AC$16)/(0.9*AG9),$AH$19/0.8,($AC$16)/(0.9*AG9)) -> 1.8803419 | AE19: An (in2) | AH19: =$AC$16/(0.75*$AG$10*$AH$16) -> 1.5042735
C20: Fy, Yield Stress (ksi) | E20: =VLOOKUP(E18,'[2]Database 1'!$CL$3:$CO$36,3,FALSE) -> 36 | I20: Controls (kips) | S20: Path | T20: 1 | U20: 2 | V20: 3 | W20: 4
C21: Fu, Tensile Stress (ksi) | E21: =VLOOKUP(E18,'[2]Database 1'!$CL$3:$CO$36,4,FALSE) -> 58 | I21: =MIN(I12,I15,I18) -> 4.02375 | S21: Ag | T21: =$E$23 -> 2.7 | U21: =$E$23 -> 2.7 | V21: =$E$23 -> 2.7 | W21: =$E$23 -> 2.7 | Z21: Desired radius of gyration, r (in) | AC21: =($AH$12*12)/300 -> 0.6
S22: An | T22: =T21-($G$14*$E$11*$T$23) -> 1.265625 | U22: =U21-($G$14*$E$11*$E$17) -> 1.74375 | V22: =V21-($G$14*$E$11*$E$17) -> 1.74375 | W22: =W21-($G$14*$E$11*$E$17) -> 1.74375
C23: Gross Area (in2) | E23: =VLOOKUP(E9,'[2]Database 1'!B2:$F$1102,5,FALSE) -> 2.7 | I23: Dead Load | K23: Live Load | S23: # of hole in the path | T23: 3 | U23: 0 | V23: 0 | W23: 0 | Z23: Selecting a Section
C24: Critical Net Area | E24: =MIN($E$23-($E$17*G14*E11),T39) -> 1.74375 | I24: =I21/(1.2+1.6*E30) -> 0.52944079 | K24: =I24/E30 -> 0.1323602 | S24: s1 | T24: 4 | U24: 0 | Z24: Type | AA24: AISC Section | AC24: Ag | AD24: t | AE24: rmin | AF24: Ahole | AG24: Required Ag | AI24: Remarks
S25: g1 | T25: 2 | U25: 0 | Z25: L | AA25: =INDEX(Lnew,MATCH($AC$19,Lag,-1)) -> L4X4X1/4 | AC25: =VLOOKUP(AA25,'[1]Database 1'!C2:F138,4,FALSE) -> 1.93 | AD25: =VLOOKUP(AA25,'[1]Database 1'!G2:W138,17,FALSE) -> 0.25 | AE25: =VLOOKUP($AA$25,'[1]Database 1'!G2:AV138,41,FALSE) -> 1.25 | AF25: =AD25*$AC$11 -> 0.25 | AG25: =$AH$19+AF25 -> 1.7542735 | AI25: =IF('Database 1'!CM92+'Database 1'!CN92=2,"SAFE","UNSAFE") -> SAFE
C26: Shear Lag Factor (U) | E26: Case 1 | I26: Total Service Load (kips) | S26: (s2/4g1)t | T26: =IF(T25=0,"",(T24*T24*$E$11/(4*T25))) -> 0.85 | U26: =IF(U25=0,"",(U24*U24*$E$11/(4*U25))) | V26: =IF(V25=0,"",(V24*V24*$E$11/(4*V25))) | W26: =IF(W25=0,"",(W24*W24*$E$11/(4*W25))) | Z26: WT | AA26: =INDEX(WTnew,MATCH($AC$19,AgWT,-1)) -> WT2X6.5 | AC26: =VLOOKUP(AA26,'[1]Database 1'!C139:F421,4,FALSE) -> 1.91 | AD26: =VLOOKUP(AA26,'[1]Database 1'!G139:AN421,15,FALSE) -> 0.345 | AE26: =VLOOKUP(AA26,'Database 1'!D140:AV422,45,FALSE) -> 1 | AF26: =AD26*$AC$11 -> 0.345 | AG26: =$AH$19+AF26 -> 1.8492735 | AI26: =IF('Database 1'!CM93+'Database 1'!CN93=2,"SAFE","UNSAFE") -> SAFE
E27: =VLOOKUP(E26,'[2]Database 1'!$CK$48:$CM$51,3,FALSE) -> 1 | I27: =IF(L9="lrfd",1.2*I24+1.6*K24,I24+K24) -> 0.84710526 | S27: s2 | T27: 5 | V27: 0 | Z27: MT | AA27: =INDEX(MTnew,MATCH($AC$19,MTag,-1)) -> MT2.5X9.45 | AC27: =VLOOKUP(AA27,'Database 1'!D423:G436,4,FALSE) -> 2.78 | AD27: =VLOOKUP(AA27,'Database 1'!D423:X436,21,FALSE) -> 0.416 | AE27: =VLOOKUP(AA27,'Database 1'!D423:AV436,45,FALSE) -> 1.26 | AF27: =AD27*$AC$11 -> 0.416 | AG27: =$AH$19+AF27 -> 1.9202735 | AI27: =IF('Database 1'!CM94+'Database 1'!CN94=2,"SAFE","UNSAFE") -> SAFE
S28: g2 | T28: 2 | V28: 0 | Z28: ST | AA28: =INDEX(STnew,MATCH($AC$19,AgST,-1)) -> ST3X8.6 | AC28: =VLOOKUP(AA28,'[1]Database 1'!C436:F463,4,FALSE) -> 2.53 | AD28: =VLOOKUP(AA28,'[1]Database 1'!C436:U463,19,FALSE) -> 0.359 | AE28: =VLOOKUP(AA28,'[1]Database 1'!C436:AU463,45,FALSE) -> 0.673 | AF28: =AD28*$AC$11 -> 0.359 | AG28: =$AH$19+AF28 -> 1.8632735 | AI28: =IF('Database 1'!CM95+'Database 1'!CN95=2,"SAFE","UNSAFE") -> SAFE
C29: DL to LL | E29: DL | F29: LL | S29: (s2/4g2)t | T29: =IF(T28=0,"",(T27*T27*$E$11/(4*T28))) -> 1.328125 | U29: =IF(U28=0,"",(U27*U27*$E$11/(4*U28))) | V29: =IF(V28=0,"",(V27*V27*$E$11/(4*V28))) | W29: =IF(W28=0,"",(W27*W27*$E$11/(4*W28))) | Z29: 2L | AA29: =INDEX(DAnew,MATCH($AC$19,AgDA,-1)) -> 2L2X2X1/4 | AC29: =VLOOKUP(AA29,'[1]Database 1'!C464:F646,4,FALSE) -> 1.89 | AD29: =(VLOOKUP(AA29,'[1]Database 1'!C464:W646,21,FALSE))*2 -> 0.5 | AE29: =VLOOKUP(AA29,'[1]Database 1'!G464:AU646,37,FALSE) -> 0.605 | AF29: =AD29*$AC$11 -> 0.5 | AG29: =$AH$19+AF29 -> 2.0042735 | AI29: =IF('Database 1'!CM96+'Database 1'!CN96=2,"SAFE","UNSAFE") -> UNSAFE
C30: Ratio | E30: 4 | F30: 1 | S30: s3 | T30: 0 | W30: 0
S31: g3 | T31: 0 | W31: 0
S32: (s2/4g3)t | T32: =IF(T31=0,"",(T30*T30*$E$11/(4*T31))) | U32: =IF(U31=0,"",(U30*U30*$E$11/(4*U31))) | V32: =IF(V31=0,"",(V30*V30*$E$11/(4*V31))) | W32: =IF(W31=0,"",(W30*W30*$E$11/(4*W31)))
S33: s4 | T33: 0 | W33: 0 | Z33: NOTE: | AB33: BLUE FONTS INDICATE USERS INPUT!!
C34: NOTE: | E34: BLUE FONTS INDICATE USERS INPUT!! | S34: g4 | T34: 0 | W34: 0
S35: (s2/4g4)t | T35: =IF(T34=0,"",(T33*T33*$E$11/(4*T34))) | U35: =IF(U34=0,"",(U33*U33*$E$11/(4*U34))) | V35: =IF(V34=0,"",(V33*V33*$E$11/(4*V34))) | W35: =IF(W34=0,"",(W33*W33*$E$11/(4*W34)))
S36: Σ(s2/4g)t | T36: =SUM(T26,T29,T32,T35) -> 2.178125 | U36: =SUM(U26,U29,U32,U35) -> 0 | V36: =SUM(V26,V29,V32,V35) -> 0 | W36: =SUM(W26,W29,W32,W35) -> 0
S37: Net Areas | T37: =T22+T36 -> 3.44375 | U37: =IF(U23=0,"",U22+U36) | V37: =IF(V23=0,"",V22+V36) | W37: =IF(W23=0,"",W22+W36)
S39: An | T39: =MIN(T37,U37,V37,W37) -> 3.44375

Sheet  Compression Analysis & Design
C4: ANALYSIS OF W-SECTION FOR AXIAL COMPRESSION | N4: CRITICAL SLENDERNESS RATIO (kL/r)
N5: Governing kL | Q5: Radius of Gyration (r) | T5: kL/r | V5: Governing kL/r
N6: ft. | Q6: in.
C7: GIVEN PARAMETERS | N7: kLx = | O7: =$K$39 -> 24 | Q7: rx = | R7: =$F$17 -> 5.15 | T7: kLx/rx = | U7: =($O$7*12)/R7 -> 55.92233 | V7: =MAX($U$7:$U$14) -> 92.307692
C8: W-SECTION
C9: W-Section: | F9: W12X45 | N9: kLy = | O9: =$K$41 -> 15 | Q9: ry = | R9: =$F$18 -> 1.95 | T9: kLy/ry = | U9: =($O$9*12)/R9 -> 92.307692
C11: Modulus of Elasticity (E) = | F11: 29000 | L11: ksi
C13: Type of Steel: | F13: A514 Gr. 100 | H13: Fy = | J13: =VLOOKUP($F$13,'[2]Database 1'!CL3:$CO$36,3,FALSE) -> 100 | L13: ksi
H14: Fu = | J14: =VLOOKUP($F$13,'[2]Database 1'!$CL$3:$CO$36,4,FALSE) -> NA | L14: ksi
C15: Area of the Section = | F15: =VLOOKUP($F$9,'[2]Database 1'!$DZ$6:$EB$288,3,FALSE) -> 13.1 | L15: in.²
N16: CRITICAL STRESS (Fcr)
C17: Radius of Gyration (r) | E17: rx (in.) = | F17: =VLOOKUP($F$9,'[2]Database 1'!$DZ$6:$ET$288,17,FALSE) -> 5.15 | L17: in. | N17: USING AISC COLUMN CURVE EQUATIONS
E18: ry (in.) = | F18: =VLOOKUP($F$9,'[2]Database 1'!$DZ$6:$ET$288,21,FALSE) -> 1.95 | L18: in. | N18: Fe = π²E/(kL/r)² | Q18: =((PI()^2)*$F$11)/($V$7^2) -> 33.590924 | V18: ksi
C19: λf = bf/2tf = | F19: =VLOOKUP($F$9,'[2]Database 1'!$DZ$6:$EM$288,13,FALSE) -> 7
C20: λw = h/tw = | F20: =VLOOKUP($F$9,'[2]Database 1'!$DZ$6:$EM$288,14,FALSE) -> 29.6 | N20: 4.71√(E/Fy) = | Q20: =4.71*(SQRT($F$11/$J$13)) -> 80.20841 | V20: -
C22: COMPACTNESS OF FLANGE AND WEB | N22: Fcr = | Q22: =_xlfn.IFS($G$28="Slender","N/A",$G$34="Slender","N/A",$V$7<=$Q$20,((0.658^($J$13/$Q$18))*$J$13),$V$7>$Q$20,(0.877*$Q$18)) -> 29.459241 | V22: ksi
C23: FLANGE
C24: if λf < λpf, flange is compact; if λpf < λf <λrf, flange is non-compact; if λrf < λf, flange is slender | N24: Pcr = Pn = AgFcr = | Q24: =$F$15*$Q$22 -> 385.91605 | V24: kips
E25: λf = | G25: =$F$19 -> 7
E26: λpf = | G26: =0.38*(SQRT($F$11/$J$13)) -> 6.4711668
E27: λrf = | G27: =1*SQRT($F$11/$J$13) -> 17.029386 | N27: COMPRESSION MEMBERS
E28: REMARKS: | G28: =IF($G$26 >$F$19, "Compact Flange", IF(AND($F$19 >$G$26, $F$19 < $G$27), "Non-Compact Flange", IF($F$19 > $G$27, "Slender Flange", ""))) -> Non-Compact Flange | N28: =$F$9 -> W12X45
C29: WEB | N29: LOAD AND RESISTANCE FACTOR DESIGN (LRFD) - ULTIMATE CAPACITY (Pu)
C30: if λw < λpw, web is compact; if λpw < λw <λrw, web is non-compact; if λrw < λw, web is slender | N30: Pu = φPn = 0.9Pn = | Q30: =0.9*$Q$24 -> 347.32445 | V30: kips
E31: λw = | G31: =$F$20 -> 29.6
E32: λpw = | G32: =3.76*(SQRT($F$11/$J$13)) -> 64.030493 | N32: ALLOWABLE STRENGTH DESIGN (ASD) - SERVICE CAPACITY (Pa)
E33: λrw = | G33: =5.7*(SQRT($F$11/$J$13)) -> 97.067502 | N33: Pa = Pn/Ω = Pn/1.67 = | Q33: =$Q$24/1.67 -> 231.08746 | V33: kips
E34: REMARKS: | G34: =_xlfn.IFS($F$20<=$G$32,"Compact Flange",$G$32<$F$20<$G$33,"Non-compact Flange",$F$20>$G$33,"Slender") -> Compact Flange
C36: CRITICAL EFFECTIVE LENGTH (kL)
C37: Length (L) | F37: Effective Length Factor (k) | H37: Effective Length (kL) ft. | J37: Governing kL | N37: NOTE: | P37: BLUE FONTS INDICATE USERS INPUT!!
C38: ft. | F38: End Connection | G38: k | J38: ft.
C39: x = | D39: 30 | F39: Fixed-Pinned | G39: =VLOOKUP($F$39,'[2]Database 1'!EW5:$EX$11,2,FALSE) -> 0.8 | H39: =$D$39*$G$39 -> 24 | J39: kLx = | K39: =$H$39 -> 24
C41: y1 = | D41: 15 | F41: Pinned-Pinned | G41: =VLOOKUP($F$41,'[2]Database 1'!$EW$5:$EX$11,2,FALSE) -> 1 | H41: =$D$41*$G$41 -> 15 | J41: kLy = | K41: =MAX($H$41:$H$46) -> 15
C43: y2 = | D43: 15 | F43: Pinned-Pinned | G43: =VLOOKUP($F$43,'[2]Database 1'!$EW$5:$EX$11,2,FALSE) -> 1 | H43: =$D$43*$G$43 -> 15
C45: y3 = | D45: 0 | F45: Fixed-Free | G45: =VLOOKUP($F$45,'[2]Database 1'!$EW$5:$EX$11,2,FALSE) -> 2.1 | H45: =$D$45*$G$45 -> 0
AI51: W-SECTIONS
C53: DESIGN OF W-SECTION FOR AXIAL COMPRESSION | N53: SELECT SECTIONS FOR LOAD AND RESISTANCE FACTOR DESIGN (LRFD) | AI53: W14
N54: Ranking | O54: Section | P54: Ag (in.²) | Q54: Weight (lb/ft) | R54: kL/r | S54: Compactness | AA54: Fcr (ksi) | AB54: Pn = AgFcr (kips) | AC54: Ultimate Capacity Pu = φPn = 0.9Pn (kips) | AD54: Remarks | AI54: W14 | AJ54: Ag (in.²) | AK54: Weight (lb/ft) | AL54: rx (in.) | AM54: ry (in.) | AN54: rx/ry | AO54: kLx/rx | AP54: kLy/ry | AQ54: Governed kL/r | AR54: For Compactness | AZ54: Column Curve | BD54: Compression Members
S55: Flange | W55: Web | AD55: Resistance > Load φPn > Pu | AR55: Flange | AV55: Web | AZ55: 4.71√(E/Fy) | BA55: Fe (ksi) | BB55: Fcr (ksi) | BC55: Pn = AgFcr (kips) | BD55: LRFD | BE55: Ranking | BF55: ASD | BG55: Ranking
C56: GIVEN PARAMETERS | S56: λf | T56: λpf | U56: λrf | V56: Remarks | W56: λw | X56: λpw | Y56: λrw | Z56: Remarks | AR56: λf | AS56: λpf | AT56: λrf | AU56: Remarks | AV56: λw | AW56: λpw | AX56: λrw | AY56: Remarks | BD56: Pu = 0.9Pn (kips) | BF56: Pa = Pn/1.67 (kips)
C57: Modulus of Elasticity (E) = | F57: 29000 | L57: ksi | N57: =_xlfn.RANK.EQ($Q57,$Q$57:$Q$60,1)+COUNTIFS($Q$57:$Q$60,Q57,$AC$57:$AC$60,">"&AC57) -> 4 | O57: =INDEX(AI57:AI94,MATCH(1,BE57:BE94,0)) -> W14X43 | P57: =VLOOKUP($O$57, $AI$57:$BG$94,2,FALSE) -> 12.6 | Q57: =VLOOKUP($O$57, $AI$57:$BG$94,3,FALSE) -> 43 | R57: =VLOOKUP($O$57, $AI$57:$BG$94,9,FALSE) -> 88.888889 | S57: =VLOOKUP($O$57, $AI$57:$BG$94,10,FALSE) -> 7.54 | T57: =VLOOKUP($O$57, $AI$57:$BG$94,11,FALSE) -> 10.938268 | U57: =VLOOKUP($O$57, $AI$57:$BG$94,12,FALSE) -> 28.784917 | V57: =VLOOKUP($O$57, $AI$57:$BG$94,13,FALSE) -> COMPACT | W57: =VLOOKUP($O$57, $AI$57:$BG$94,14,FALSE) -> 37.4 | X57: =VLOOKUP($O$57, $AI$57:$BG$94,15,FALSE) -> 108.23129 | Y57: =VLOOKUP($O$57, $AI$57:$BG$94,16,FALSE) -> 164.07403 | Z57: =VLOOKUP($O$57, $AI$57:$BG$94,17,FALSE) -> COMPACT | AA57: =VLOOKUP($O$57, $AI$57:$BG$94,20,FALSE) -> 23.35816 | AB57: =VLOOKUP($O$57, $AI$57:$BG$94,21,FALSE) -> 294.31281 | AC57: =VLOOKUP($O$57, $AI$57:$BG$94,22,FALSE) -> 264.88153 | AD57: =IF(AC57>$J$68,"SAFE!","UNSAFE!") -> SAFE! | AI57: W14X873 | AJ57: 257 | AK57: 873 | AL57: 8.39 | AM57: 4.9 | AN57: =AL57/AM57 -> 1.7122449 | AO57: =($K$79*12)/AL57 -> 17.16329 | AP57: =($K$81*12)/AM57 -> 34.285714 | AQ57: =MAX(AO57:AP57) -> 34.285714 | AR57: 1.71 | AS57: =0.38*SQRT($F$57/$J$59) -> 10.938268 | AT57: =1*SQRT($F$57/$J$59) -> 28.784917 | AU57: =IF(AS57 >AR57, "COMPACT", IF(AND(AR57 >AS57, AR57 < AT57), "NON-COMPACT", IF(AR57 > AT57, "SLENDER", ""))) -> COMPACT | AV57: 2.89 | AW57: =3.76*SQRT($F$57/$J$59) -> 108.23129 | AX57: =5.7*SQRT($F$57/$J$59) -> 164.07403 | AY57: =IF(AW57 >AV57, "COMPACT", IF(AND(AV57 >AW57, AV57 < AX57), "NON-COMPACT", IF(AV57 > AX57, "SLENDER", ""))) -> COMPACT | AZ57: =4.71*SQRT($F$57/$J$59) -> 135.57696 | BA57: =((PI()^2)*$F$57)/(AQ57^2) -> 243.48451 | BB57: =_xlfn.IFS(AU57="Slender","N/A",AY57="Slender","N/A",AQ57<=AZ57,((0.658^($J$59/BA57))*$J$59),AQ57>AZ57,(0.877*BA57)) -> 32.956318 | BC57: =AJ57*BB57 -> 8469.7738 | BD57: =0.9*BC57 -> 7622.7964 | BE57: =COUNTIFS($BD$57:$BD$94,">="&$J$68) -> 33 | BF57: =BC57/1.67 -> 5071.7208 | BG57: =COUNTIFS($BF$57:$BF$94,">="&$F$73) -> 33
N58: =_xlfn.RANK.EQ($Q58,$Q$57:$Q$60,1)+COUNTIFS($Q$57:$Q$60,Q58,$AC$57:$AC$60,">"&AC58) -> 3 | O58: =INDEX(AI100:AI128,MATCH(1,BE100:BE128,0)) -> W12X40 | P58: =VLOOKUP($O$58, $AI$100:$BG$128,2,FALSE) -> 11.7 | Q58: =VLOOKUP($O$58, $AI$100:$BG$128,3,FALSE) -> 40 | R58: =VLOOKUP($O$58, $AI$100:$BG$128,9,FALSE) -> 86.597938 | S58: =VLOOKUP($O$58, $AI$100:$BG$128,10,FALSE) -> 7.77 | T58: =VLOOKUP($O$58, $AI$100:$BG$128,11,FALSE) -> 10.938268 | U58: =VLOOKUP($O$58, $AI$100:$BG$128,12,FALSE) -> 28.784917 | V58: =VLOOKUP($O$58, $AI$100:$BG$128,13,FALSE) -> COMPACT | W58: =VLOOKUP($O$58, $AI$100:$BG$128,14,FALSE) -> 33.6 | X58: =VLOOKUP($O$58, AI100:BG128,15,FALSE) -> 108.23129 | Y58: =VLOOKUP($O$58, $AI$100:$BG$128,16,FALSE) -> 164.07403 | Z58: =VLOOKUP($O$58, $AI$100:$BG$128,17,FALSE) -> COMPACT | AA58: =VLOOKUP($O$58, $AI$100:$BG$128,20,FALSE) -> 23.843775 | AB58: =VLOOKUP($O$58, $AI$100:$BG$128,21,FALSE) -> 278.97217 | AC58: =VLOOKUP($O$58, $AI$100:$BG$128,22,FALSE) -> 251.07495 | AD58: =IF(AC58>$J$68,"SAFE!","UNSAFE!") -> SAFE! | AI58: W14X808 | AJ58: 238 | AK58: 808 | AL58: 8.17 | AM58: 4.83 | AN58: =AL58/AM58 -> 1.6915114 | AO58: =($K$79*12)/AL58 -> 17.625459 | AP58: =($K$81*12)/AM58 -> 34.782609 | AQ58: =MAX(AO58:AP58) -> 34.782609 | AR58: 1.82 | AS58: =0.38*SQRT($F$57/$J$59) -> 10.938268 | AT58: =1*SQRT($F$57/$J$59) -> 28.784917 | AU58: =IF(AS58 >AR58, "COMPACT", IF(AND(AR58 >AS58, AR58 < AT58), "NON-COMPACT", IF(AR58 > AT58, "SLENDER", ""))) -> COMPACT | AV58: 3.04 | AW58: =3.76*SQRT($F$57/$J$59) -> 108.23129 | AX58: =5.7*SQRT($F$57/$J$59) -> 164.07403 | AY58: =IF(AW58 >AV58, "COMPACT", IF(AND(AV58 >AW58, AV58 < AX58), "NON-COMPACT", IF(AV58 > AX58, "SLENDER", ""))) -> COMPACT | AZ58: =4.71*SQRT($F$57/$J$59) -> 135.57696 | BA58: =((PI()^2)*$F$57)/(AQ58^2) -> 236.5775 | BB58: =_xlfn.IFS(AU58="Slender","N/A",AY58="Slender","N/A",AQ58<=AZ58,((0.658^($J$59/BA58))*$J$59),AQ58>AZ58,(0.877*BA58)) -> 32.89848 | BC58: =AJ58*BB58 -> 7829.8381 | BD58: =0.9*BC58 -> 7046.8543 | BE58: =COUNTIFS($BD$58:$BD$94,">="&$J$68) -> 32 | BF58: =BC58/1.67 -> 4688.5258 | BG58: =COUNTIFS($BF$58:$BF$94,">="&$F$73) -> 32
C59: Type of Steel: | F59: A53 Gr. B | H59: Fy = | J59: =VLOOKUP($F$59,'[2]Database 1'!$CL$3:$CO$36,3,FALSE) -> 35 | L59: ksi | N59: =_xlfn.RANK.EQ($Q59,$Q$57:$Q$60,1)+COUNTIFS($Q$57:$Q$60,Q59,$AC$57:$AC$60,">"&AC59) -> 1 | O59: =INDEX(AI134:AI151,MATCH(1,BE134:BE151,0)) -> W10X39 | P59: =VLOOKUP($O$59, $AI$134:$BG$151,2,FALSE) -> 11.5 | Q59: =VLOOKUP($O$59, $AI$134:$BG$151,3,FALSE) -> 39 | R59: =VLOOKUP($O$59, $AI$134:$BG$151,9,FALSE) -> 84.848485 | S59: =VLOOKUP($O$59, $AI$134:$BG$151,10,FALSE) -> 7.53 | T59: =VLOOKUP($O$59, $AI$134:$BG$151,11,FALSE) -> 10.938268 | U59: =VLOOKUP($O$59, $AI$134:$BG$151,12,FALSE) -> 28.784917 | V59: =VLOOKUP($O$59, $AI$134:$BG$151,13,FALSE) -> COMPACT | W59: =VLOOKUP($O$59, $AI$134:$BG$151,14,FALSE) -> 25 | X59: =VLOOKUP($O$59, $AI$134:$BG$151,15,FALSE) -> 108.23129 | Y59: =VLOOKUP($O$59, $AI$134:$BG$151,16,FALSE) -> 164.07403 | Z59: =VLOOKUP($O$59, $AI$134:$BG$151,17,FALSE) -> COMPACT | AA59: =VLOOKUP($O$59, $AI$134:$BG$151,20,FALSE) -> 24.212635 | AB59: =VLOOKUP($O$59, $AI$134:$BG$151,21,FALSE) -> 278.44531 | AC59: =VLOOKUP($O$59, $AI$134:$BG$151,22,FALSE) -> 250.60078 | AD59: =IF(AC59>$J$68,"SAFE!","UNSAFE!") -> SAFE! | AI59: W14X730 | AJ59: 215 | AK59: 730 | AL59: 8.17 | AM59: 4.69 | AN59: =AL59/AM59 -> 1.7420043 | AO59: =($K$79*12)/AL59 -> 17.625459 | AP59: =($K$81*12)/AM59 -> 35.820896 | AQ59: =MAX(AO59:AP59) -> 35.820896 | AR59: 1.82 | AS59: =0.38*SQRT($F$57/$J$59) -> 10.938268 | AT59: =1*SQRT($F$57/$J$59) -> 28.784917 | AU59: =IF(AS59 >AR59, "COMPACT", IF(AND(AR59 >AS59, AR59 < AT59), "NON-COMPACT", IF(AR59 > AT59, "SLENDER", ""))) -> COMPACT | AV59: 3.71 | AW59: =3.76*SQRT($F$57/$J$59) -> 108.23129 | AX59: =5.7*SQRT($F$57/$J$59) -> 164.07403 | AY59: =IF(AW59 >AV59, "COMPACT", IF(AND(AV59 >AW59, AV59 < AX59), "NON-COMPACT", IF(AV59 > AX59, "SLENDER", ""))) -> COMPACT | AZ59: =4.71*SQRT($F$57/$J$59) -> 135.57696 | BA59: =((PI()^2)*$F$57)/(AQ59^2) -> 223.06163 | BB59: =_xlfn.IFS(AU59="Slender","N/A",AY59="Slender","N/A",AQ59<=AZ59,((0.658^($J$59/BA59))*$J$59),AQ59>AZ59,(0.877*BA59)) -> 32.775276 | BC59: =AJ59*BB59 -> 7046.6843 | BD59: =0.9*BC59 -> 6342.0159 | BE59: =COUNTIFS($BD$59:$BD$94,">="&$J$68) -> 31 | BF59: =BC59/1.67 -> 4219.5715 | BG59: =COUNTIFS($BF$59:$BF$94,">="&$F$73) -> 31
H60: Fu = | J60: =VLOOKUP($F$59,'[2]Database 1'!$CL$3:$CO$36,4,FALSE) -> 60 | L60: ksi | N60: =_xlfn.RANK.EQ($Q60,$Q$57:$Q$60,1)+COUNTIFS($Q$57:$Q$60,Q60,$AC$57:$AC$60,">"&AC60) -> 2 | O60: =INDEX(AI157:AI169,MATCH(1,BE157:BE169,0)) -> W8X40 | P60: =VLOOKUP($O$60, $AI$157:$BG$169,2,FALSE) -> 11.7 | Q60: =VLOOKUP($O$60, $AI$157:$BG$169,3,FALSE) -> 40 | R60: =VLOOKUP($O$60, $AI$157:$BG$169,9,FALSE) -> 82.352941 | S60: =VLOOKUP($O$60, $AI$157:$BG$169,10,FALSE) -> 7.21 | T60: =VLOOKUP($O$60, $AI$157:$BG$169,11,FALSE) -> 10.938268 | U60: =VLOOKUP($O$60, $AI$157:$BG$169,12,FALSE) -> 28.784917 | V60: =VLOOKUP($O$60, $AI$157:$BG$169,13,FALSE) -> COMPACT | W60: =VLOOKUP($O$60, $AI$157:$BG$169,14,FALSE) -> 17.6 | X60: =VLOOKUP($O$60, $AI$157:$BG$169,15,FALSE) -> 108.23129 | Y60: =VLOOKUP($O$60, $AI$157:$BG$169,16,FALSE) -> 164.07403 | Z60: =VLOOKUP($O$60, $AI$157:$BG$169,17,FALSE) -> COMPACT | AA60: =VLOOKUP($O$60, $AI$157:$BG$169,20,FALSE) -> 24.735285 | AB60: =VLOOKUP($O$60, $AI$157:$BG$169,21,FALSE) -> 289.40284 | AC60: =VLOOKUP($O$60, $AI$157:$BG$169,22,FALSE) -> 260.46255 | AD60: =IF(AC60>$J$68,"SAFE!","UNSAFE!") -> SAFE! | AI60: W14X665 | AJ60: 196 | AK60: 665 | AL60: 7.98 | AM60: 4.62 | AN60: =AL60/AM60 -> 1.7272727 | AO60: =($K$79*12)/AL60 -> 18.045113 | AP60: =($K$81*12)/AM60 -> 36.363636 | AQ60: =MAX(AO60:AP60) -> 36.363636 | AR60: 1.95 | AS60: =0.38*SQRT($F$57/$J$59) -> 10.938268 | AT60: =1*SQRT($F$57/$J$59) -> 28.784917 | AU60: =IF(AS60 >AR60, "COMPACT", IF(AND(AR60 >AS60, AR60 < AT60), "NON-COMPACT", IF(AR60 > AT60, "SLENDER", ""))) -> COMPACT | AV60: 4.03 | AW60: =3.76*SQRT($F$57/$J$59) -> 108.23129 | AX60: =5.7*SQRT($F$57/$J$59) -> 164.07403 | AY60: =IF(AW60 >AV60, "COMPACT", IF(AND(AV60 >AW60, AV60 < AX60), "NON-COMPACT", IF(AV60 > AX60, "SLENDER", ""))) -> COMPACT | AZ60: =4.71*SQRT($F$57/$J$59) -> 135.57696 | BA60: =((PI()^2)*$F$57)/(AQ60^2) -> 216.45276 | BB60: =_xlfn.IFS(AU60="Slender","N/A",AY60="Slender","N/A",AQ60<=AZ60,((0.658^($J$59/BA60))*$J$59),AQ60>AZ60,(0.877*BA60)) -> 32.709621 | BC60: =AJ60*BB60 -> 6411.0858 | BD60: =0.9*BC60 -> 5769.9772 | BE60: =COUNTIFS($BD$60:$BD$94,">="&$J$68) -> 30 | BF60: =BC60/1.67 -> 3838.9735 | BG60: =COUNTIFS($BF$60:$BF$94,">="&$F$73) -> 30
